model,fold_20250529_s47_fl_syb_fullsn_stx3_sn_001_model_0.cif,fold_20250529_s47_fl_syb_fullsn_stx3_sn_002_model_0.cif,fold_20250529_s47_fl_syb_fullsn_stx3_sn_003_model_0.cif,fold_20250529_s47_fl_syb_fullsn_stx3_sn_004_model_0.cif,fold_20250529_s47_fl_syb_fullsn_stx3_sn_005_model_0.cif,fold_20250529_s47_fl_syb_fullsn_stx3_sn_006_model_0.cif,fold_20250529_s47_fl_syb_fullsn_stx3_sn_007_model_0.cif,fold_20250529_s47_fl_syb_fullsn_stx3_sn_008_model_0.cif,fold_20250529_s47_fl_syb_fullsn_stx3_sn_009_model_0.cif,fold_20250529_s47_fl_syb_fullsn_stx3_sn_010_model_0.cif,fold_20250529_s47_fl_syb_fullsn_stx3_sn_011_model_0.cif,fold_20250529_s47_fl_syb_fullsn_stx3_sn_012_model_0.cif,fold_20250529_s47_fl_syb_fullsn_stx3_sn_013_model_0.cif,fold_20250529_s47_fl_syb_fullsn_stx3_sn_014_model_0.cif,fold_20250529_s47_fl_syb_fullsn_stx3_sn_015_model_0.cif,fold_20250529_s47_fl_syb_fullsn_stx3_sn_016_model_0.cif,fold_20250529_s47_fl_syb_fullsn_stx3_sn_017_model_0.cif,fold_20250529_s47_fl_syb_fullsn_stx3_sn_018_model_0.cif,fold_20250529_s47_fl_syb_fullsn_stx3_sn_019_model_0.cif,fold_20250529_s47_fl_syb_fullsn_stx3_sn_020_model_0.cif,fold_20250529_s47_fl_syb_fullsn_stx3_sn_021_model_0.cif,fold_20250529_s47_fl_syb_fullsn_stx3_sn_022_model_0.cif,fold_20250529_s47_fl_syb_fullsn_stx3_sn_023_model_0.cif,fold_20250529_s47_fl_syb_fullsn_stx3_sn_024_model_0.cif,fold_20250529_s47_fl_syb_fullsn_stx3_sn_025_model_0.cif,fold_20250529_s47_fl_syb_fullsn_stx3_sn_026_model_0.cif,fold_20250529_s47_fl_syb_fullsn_stx3_sn_027_model_0.cif,fold_20250529_s47_fl_syb_fullsn_stx3_sn_028_model_0.cif,fold_20250529_s47_fl_syb_fullsn_stx3_sn_029_model_0.cif,fold_20250529_s47_fl_syb_fullsn_stx3_sn_030_model_0.cif,fold_20250529_s47_fl_syb_fullsn_stx3_sn_031_model_0.cif,fold_20250529_s47_fl_syb_fullsn_stx3_sn_032_model_0.cif,fold_20250529_s47_fl_syb_fullsn_stx3_sn_033_model_0.cif,fold_20250529_s47_fl_syb_fullsn_stx3_sn_034_model_0.cif,fold_20250529_s47_fl_syb_fullsn_stx3_sn_035_model_0.cif,fold_20250529_s47_fl_syb_fullsn_stx3_sn_036_model_0.cif,fold_20250529_s47_fl_syb_fullsn_stx3_sn_037_model_0.cif,fold_20250529_s47_fl_syb_fullsn_stx3_sn_038_model_0.cif,fold_20250529_s47_fl_syb_fullsn_stx3_sn_039_model_0.cif,fold_20250529_s47_fl_syb_fullsn_stx3_sn_040_model_0.cif,fold_20250529_s47_fl_syb_fullsn_stx3_sn_041_model_0.cif,fold_20250529_s47_fl_syb_fullsn_stx3_sn_042_model_0.cif,fold_20250529_s47_fl_syb_fullsn_stx3_sn_043_model_0.cif,fold_20250529_s47_fl_syb_fullsn_stx3_sn_044_model_0.cif,fold_20250529_s47_fl_syb_fullsn_stx3_sn_045_model_0.cif,fold_20250529_s47_fl_syb_fullsn_stx3_sn_046_model_0.cif,fold_20250529_s47_fl_syb_fullsn_stx3_sn_047_model_0.cif,fold_20250529_s47_fl_syb_fullsn_stx3_sn_048_model_0.cif,fold_20250529_s47_fl_syb_fullsn_stx3_sn_049_model_0.cif,fold_20250529_s47_fl_syb_fullsn_stx3_sn_050_model_0.cif,fold_20250529_s47_fl_syb_fullsn_stx3_sn_051_model_0.cif,fold_20250529_s47_fl_syb_fullsn_stx3_sn_052_model_0.cif,fold_20250529_s47_fl_syb_fullsn_stx3_sn_053_model_0.cif,fold_20250529_s47_fl_syb_fullsn_stx3_sn_054_model_0.cif,fold_20250529_s47_fl_syb_fullsn_stx3_sn_055_model_0.cif,fold_20250529_s47_fl_syb_fullsn_stx3_sn_056_model_0.cif,fold_20250529_s47_fl_syb_fullsn_stx3_sn_057_model_0.cif,fold_20250529_s47_fl_syb_fullsn_stx3_sn_058_model_0.cif,fold_20250529_s47_fl_syb_fullsn_stx3_sn_059_model_0.cif,fold_20250529_s47_fl_syb_fullsn_stx3_sn_060_model_0.cif,fold_20250529_s47_fl_syb_fullsn_stx3_sn_061_model_0.cif,fold_20250529_s47_fl_syb_fullsn_stx3_sn_062_model_0.cif,fold_20250529_s47_fl_syb_fullsn_stx3_sn_063_model_0.cif,fold_20250529_s47_fl_syb_fullsn_stx3_sn_064_model_0.cif,fold_20250529_s47_fl_syb_fullsn_stx3_sn_065_model_0.cif,fold_20250529_s47_fl_syb_fullsn_stx3_sn_066_model_0.cif,fold_20250529_s47_fl_syb_fullsn_stx3_sn_067_model_0.cif,fold_20250529_s47_fl_syb_fullsn_stx3_sn_068_model_0.cif,fold_20250529_s47_fl_syb_fullsn_stx3_sn_069_model_0.cif,fold_20250529_s47_fl_syb_fullsn_stx3_sn_070_model_0.cif,fold_20250529_s47_fl_syb_fullsn_stx3_sn_071_model_0.cif,fold_20250529_s47_fl_syb_fullsn_stx3_sn_072_model_0.cif,fold_20250529_s47_fl_syb_fullsn_stx3_sn_073_model_0.cif,fold_20250529_s47_fl_syb_fullsn_stx3_sn_074_model_0.cif,fold_20250529_s47_fl_syb_fullsn_stx3_sn_075_model_0.cif,fold_20250529_s47_fl_syb_fullsn_stx3_sn_076_model_0.cif,fold_20250529_s47_fl_syb_fullsn_stx3_sn_077_model_0.cif,fold_20250529_s47_fl_syb_fullsn_stx3_sn_078_model_0.cif,fold_20250529_s47_fl_syb_fullsn_stx3_sn_079_model_0.cif,fold_20250529_s47_fl_syb_fullsn_stx3_sn_080_model_0.cif,fold_20250529_s47_fl_syb_fullsn_stx3_sn_081_model_0.cif,fold_20250529_s47_fl_syb_fullsn_stx3_sn_082_model_0.cif,fold_20250529_s47_fl_syb_fullsn_stx3_sn_083_model_0.cif,fold_20250529_s47_fl_syb_fullsn_stx3_sn_084_model_0.cif,fold_20250529_s47_fl_syb_fullsn_stx3_sn_085_model_0.cif,fold_20250529_s47_fl_syb_fullsn_stx3_sn_086_model_0.cif,fold_20250529_s47_fl_syb_fullsn_stx3_sn_087_model_0.cif,fold_20250529_s47_fl_syb_fullsn_stx3_sn_088_model_0.cif,fold_20250529_s47_fl_syb_fullsn_stx3_sn_089_model_0.cif,fold_20250529_s47_fl_syb_fullsn_stx3_sn_090_model_0.cif,fold_20250529_s47_fl_syb_fullsn_stx3_sn_091_model_0.cif,fold_20250529_s47_fl_syb_fullsn_stx3_sn_092_model_0.cif,fold_20250529_s47_fl_syb_fullsn_stx3_sn_093_model_0.cif,fold_20250529_s47_fl_syb_fullsn_stx3_sn_094_model_0.cif,fold_20250529_s47_fl_syb_fullsn_stx3_sn_095_model_0.cif,fold_20250529_s47_fl_syb_fullsn_stx3_sn_096_model_0.cif,fold_20250529_s47_fl_syb_fullsn_stx3_sn_097_model_0.cif,fold_20250529_s47_fl_syb_fullsn_stx3_sn_098_model_0.cif,fold_20250529_s47_fl_syb_fullsn_stx3_sn_099_model_0.cif,fold_20250529_s47_fl_syb_fullsn_stx3_sn_100_model_0.cif
fold_20250529_s47_fl_syb_fullsn_stx3_sn_001_model_0.cif,,14.181,14.335,9.209,6.131,9.760,9.445,19.297,15.184,14.178,3.292,5.915,7.755,8.297,6.351,5.933,11.251,5.901,21.416,23.625,15.884,6.862,6.425,11.779,14.463,27.051,20.011,16.487,17.232,27.645,5.301,6.938,7.735,6.165,19.005,21.130,19.416,5.069,5.613,4.272,8.562,18.396,20.294,19.783,20.437,25.271,4.579,7.268,6.774,5.514,17.207,11.855,7.994,6.731,10.739,15.475,8.608,8.397,25.124,5.153,18.370,12.570,8.906,10.391,4.711,15.417,14.735,12.009,8.198,14.792,13.633,6.876,11.875,9.325,16.932,22.269,20.863,5.225,5.117,18.713,9.504,19.224,15.168,25.798,18.404,16.643,6.070,18.667,17.587,20.423,7.414,11.015,8.124,19.372,19.683,9.878,8.610,19.668,4.162,19.874
fold_20250529_s47_fl_syb_fullsn_stx3_sn_002_model_0.cif,14.181,,21.333,13.501,18.710,12.701,15.422,23.183,19.392,21.356,15.592,13.091,16.709,16.594,17.103,15.235,18.171,16.671,27.803,28.681,20.036,13.818,16.301,16.991,20.712,28.931,24.525,21.748,19.912,21.434,14.200,14.994,13.663,12.911,25.074,25.343,25.528,14.845,13.659,13.321,18.721,25.282,25.433,25.819,24.330,23.841,14.959,17.063,18.319,14.689,23.315,16.763,12.287,13.233,15.961,20.196,10.704,12.002,26.174,13.660,22.820,18.329,17.140,16.271,15.398,21.797,17.965,19.940,16.185,21.876,14.379,15.931,15.652,19.614,18.888,24.452,26.740,15.243,12.944,21.440,14.693,25.395,17.830,21.738,23.076,18.155,14.871,22.759,22.068,26.306,12.220,16.424,14.040,23.805,26.336,17.352,16.653,22.986,14.895,26.580
fold_20250529_s47_fl_syb_fullsn_stx3_sn_003_model_0.cif,14.335,21.333,,19.357,15.141,19.245,16.212,15.751,12.722,14.583,14.519,15.217,14.569,16.046,15.728,13.097,8.071,12.745,15.366,22.603,11.690,16.896,16.452,17.185,8.688,27.896,17.149,15.440,14.829,31.359,15.944,15.369,18.203,17.307,12.545,14.452,14.217,14.864,15.734,15.876,16.624,11.757,14.991,12.831,13.460,27.388,15.284,15.905,14.716,15.352,13.050,15.140,17.734,17.017,19.153,6.192,18.383,18.038,25.585,16.061,9.567,16.573,18.059,17.822,14.602,10.756,13.982,19.472,17.230,11.005,21.073,16.079,21.052,13.147,19.695,19.431,16.754,16.598,16.203,17.422,19.546,19.940,10.132,27.165,12.502,12.199,15.874,11.057,12.613,17.452,17.553,20.367,16.616,13.797,16.968,18.906,15.328,16.782,15.269,14.231
fold_20250529_s47_fl_syb_fullsn_stx3_sn_004_model_0.cif,9.209,13.501,19.357,,10.456,4.859,8.325,20.115,14.605,14.185,10.426,9.027,9.334,7.844,8.278,12.308,15.151,13.541,23.538,25.450,16.306,5.260,6.643,8.410,19.336,25.020,19.291,16.060,17.175,21.837,6.348,8.548,4.464,4.269,20.746,21.950,21.257,8.471,7.900,8.040,9.038,20.769,21.248,23.075,22.193,23.503,9.334,7.843,10.299,12.429,20.024,12.264,9.108,5.517,6.209,20.891,5.622,6.512,25.480,7.019,22.539,13.385,6.458,7.640,8.587,19.548,13.809,10.989,5.918,18.240,9.354,7.742,4.884,12.940,14.191,21.829,21.752,6.421,5.794,17.764,4.467,19.705,18.801,23.738,18.965,16.811,6.902,20.797,17.744,21.798,5.510,6.639,7.608,19.752,19.354,6.351,9.820,18.936,9.099,21.351
fold_20250529_s47_fl_syb_fullsn_stx3_sn_005_model_0.cif,6.131,18.710,15.141,10.456,,11.607,9.358,18.687,15.428,13.048,5.670,8.826,6.902,6.787,4.306,8.675,12.357,6.935,19.735,23.107,16.328,7.327,5.410,11.374,15.798,26.284,19.343,15.606,17.532,29.445,6.281,8.105,9.134,7.929,18.049,20.986,17.950,6.824,8.284,7.229,4.680,17.065,18.903,19.693,20.481,26.575,6.696,4.741,3.532,9.451,16.134,13.284,10.989,8.697,10.087,17.619,11.493,10.623,26.162,7.709,19.831,11.293,7.332,9.761,4.344,15.627,15.352,9.264,6.944,14.501,15.056,5.422,11.847,7.073,17.382,22.671,19.483,5.502,7.422,19.088,9.753,17.867,17.571,27.611,18.352,18.497,6.041,19.275,17.205,18.708,9.600,11.145,9.331,18.642,17.873,8.475,8.303,18.912,6.585,18.182
fold_20250529_s47_fl_syb_fullsn_stx3_sn_006_model_0.cif,9.760,12.701,19.245,4.859,11.607,,7.892,20.292,14.736,14.990,11.277,7.635,9.422,8.318,9.533,11.287,15.081,13.870,24.032,25.169,16.193,6.385,8.111,9.702,18.953,25.650,20.067,16.756,17.064,22.015,6.885,7.500,4.819,5.488,21.333,22.245,21.492,7.993,6.288,9.026,10.857,21.893,21.904,23.356,22.537,23.087,9.032,9.421,11.303,12.493,20.315,11.349,7.128,5.428,6.800,20.572,3.495,5.016,25.200,6.342,22.189,15.171,7.638,7.388,9.249,19.342,13.655,12.794,8.194,18.533,7.010,8.562,6.410,13.227,14.499,21.868,22.718,7.227,6.623,17.672,5.098,20.233,18.124,23.504,19.138,16.244,6.817,20.625,18.356,22.102,5.279,7.129,6.382,20.347,20.485,6.764,9.626,19.205,8.923,22.324
fold_20250529_s47_fl_syb_fullsn_stx3_sn_007_model_0.cif,9.445,15.422,16.212,8.325,9.358,7.892,,17.491,12.313,12.427,10.880,8.874,4.748,5.377,8.096,9.540,13.715,11.793,21.081,24.736,14.412,5.932,6.977,7.892,16.719,25.927,18.679,14.746,15.984,25.466,6.965,5.175,8.346,7.816,18.217,20.107,17.966,8.292,7.533,9.174,7.784,18.504,18.985,21.271,20.198,23.189,9.394,7.456,8.183,13.267,18.343,10.926,8.918,8.138,5.725,18.744,8.331,8.310,25.722,8.673,20.328,13.065,6.303,4.515,7.490,17.235,11.692,10.908,7.414,15.424,8.697,6.352,9.135,8.942,14.608,21.098,19.674,7.296,7.610,16.195,6.869,18.365,16.610,23.585,17.137,15.572,7.016,18.565,15.673,20.211,8.763,10.168,4.842,17.663,17.384,6.261,4.565,16.599,9.622,18.764
fold_20250529_s47_fl_syb_fullsn_stx3_sn_008_model_0.cif,19.297,23.183,15.751,20.115,18.687,20.292,17.491,,11.871,14.210,19.967,19.493,17.879,18.043,18.862,19.565,14.570,20.010,12.334,24.363,12.033,18.010,18.723,19.039,14.505,25.429,15.635,15.210,7.335,33.935,18.546,18.352,19.878,19.313,12.323,10.696,6.240,19.049,19.209,18.835,18.285,15.835,9.630,17.252,12.646,21.470,19.765,18.118,18.793,21.447,13.979,14.488,20.236,19.668,18.996,17.144,19.969,20.245,25.384,19.653,12.800,21.095,18.741,18.712,18.106,10.356,11.066,20.971,18.693,9.047,20.699,18.392,20.992,18.450,13.185,18.478,16.096,19.255,18.942,12.921,19.785,17.209,14.397,23.466,12.289,12.771,18.546,9.225,10.983,15.285,19.599,21.359,18.321,10.572,11.065,19.381,18.117,6.196,19.835,8.426
fold_20250529_s47_fl_syb_fullsn_stx3_sn_009_model_0.cif,15.184,19.392,12.722,14.605,15.428,14.736,12.313,11.871,,9.104,16.289,15.129,12.963,13.289,14.592,15.519,10.133,16.920,15.922,25.192,8.025,13.576,14.093,11.910,14.109,26.720,12.387,9.709,10.610,28.130,14.103,12.940,14.742,14.379,12.356,12.511,12.809,14.455,14.417,14.930,14.764,14.448,12.997,16.677,15.299,24.219,15.756,14.216,14.822,17.891,15.685,10.946,15.944,14.705,13.523,14.844,14.863,15.168,27.252,14.920,14.856,17.672,13.838,12.860,14.456,14.044,6.028,16.366,14.077,11.667,14.807,14.434,15.067,14.080,12.805,17.405,16.247,14.694,14.256,12.781,14.501,17.339,13.345,24.980,9.906,7.818,14.097,11.038,8.549,16.495,14.873,15.779,13.304,11.146,10.929,14.136,13.205,10.455,15.643,12.523
fold_20250529_s47_fl_syb_fullsn_stx3_sn_010_model_0.cif,14.178,21.356,14.583,14.185,13.048,14.990,12.427,14.210,9.104,,14.682,14.446,11.884,11.957,12.475,14.898,10.886,15.449,18.047,26.858,12.892,12.733,12.385,10.860,14.396,26.390,13.546,12.557,12.915,28.373,13.144,12.664,13.910,13.769,15.451,16.353,13.932,13.101,14.047,14.051,12.576,15.084,16.214,19.030,18.210,22.484,14.707,12.270,12.587,17.037,16.580,12.465,16.162,14.052,12.677,16.968,15.438,15.144,26.526,14.058,17.148,15.912,12.029,12.316,13.056,14.418,9.254,13.961,12.680,11.082,15.669,13.047,14.197,11.868,12.229,21.150,17.944,13.410,13.433,14.188,13.792,16.581,15.695,25.492,14.757,14.112,13.169,15.436,12.561,18.937,14.776,14.127,13.061,15.479,10.954,12.708,12.752,12.916,14.352,12.548
fold_20250529_s47_fl_syb_fullsn_stx3_sn_011_model_0.cif,3.292,15.592,14.519,10.426,5.670,11.277,10.880,19.967,16.289,14.682,,7.199,8.807,8.850,6.252,6.992,11.546,5.083,21.333,23.543,16.780,8.105,6.666,12.533,14.819,27.379,20.018,17.095,17.892,28.235,6.054,8.709,8.812,7.528,19.333,21.609,19.654,5.940,7.385,5.040,8.515,18.030,20.429,19.765,20.801,26.247,4.694,7.319,6.252,5.374,17.036,12.935,9.665,7.671,11.974,15.666,10.278,9.719,25.491,6.322,18.768,11.630,9.578,11.716,4.980,15.489,16.026,11.844,8.613,15.003,15.451,7.543,12.864,9.208,17.898,22.864,20.984,6.114,6.161,19.326,10.847,19.139,16.128,26.810,18.978,17.844,6.924,19.282,18.204,20.519,8.562,11.531,9.930,19.770,19.861,10.700,9.851,20.366,4.576,19.858
fold_20250529_s47_fl_syb_fullsn_stx3_sn_012_model_0.cif,5.915,13.091,15.217,9.027,8.826,7.635,8.874,19.493,15.129,14.446,7.199,,7.751,7.699,7.449,5.784,12.059,8.365,22.132,23.434,16.126,7.138,7.610,11.603,15.154,26.497,19.512,17.004,16.595,24.861,6.328,6.457,6.412,6.298,20.289,21.749,19.913,4.558,4.261,7.429,10.276,19.539,21.016,20.940,21.181,23.386,6.135,8.710,8.696,8.089,18.006,11.466,6.457,5.516,9.587,16.097,6.860,5.907,24.211,4.301,18.825,13.215,8.927,9.046,6.555,16.054,14.198,12.370,9.037,15.763,10.965,7.385,10.766,9.801,15.992,22.149,21.977,6.181,5.885,17.927,8.846,19.919,15.128,24.082,18.787,16.137,6.144,19.078,18.259,21.061,7.187,9.326,6.253,19.732,20.402,9.044,9.136,19.322,5.078,20.918
fold_20250529_s47_fl_syb_fullsn_stx3_sn_013_model_0.cif,7.755,16.709,14.569,9.334,6.902,9.422,4.748,17.879,12.963,11.884,8.807,7.751,,4.038,5.520,7.367,12.460,8.964,20.527,24.200,14.648,5.986,5.943,8.201,15.358,26.131,18.312,14.726,16.303,26.559,6.083,4.705,8.261,7.497,17.718,20.105,17.642,6.222,6.571,8.448,6.532,17.114,18.854,20.163,20.067,23.882,8.327,5.699,5.732,11.570,17.449,12.080,9.037,7.646,6.629,17.344,9.603,8.440,25.662,7.617,19.403,11.530,5.823,5.127,5.863,16.342,12.520,9.618,6.707,14.489,10.657,4.588,10.175,5.806,15.600,21.325,19.128,6.337,7.052,17.219,8.167,18.618,16.188,24.757,17.031,16.083,5.895,18.431,15.805,19.866,9.012,9.993,5.182,17.570,17.235,6.919,4.597,17.168,7.827,18.224
fold_20250529_s47_fl_syb_fullsn_stx3_sn_014_model_0.cif,8.297,16.594,16.046,7.844,6.787,8.318,5.377,18.043,13.289,11.957,8.850,7.699,4.038,,4.226,9.208,13.084,10.058,20.623,24.333,15.319,5.316,4.136,7.660,16.713,25.978,17.161,14.673,15.987,24.752,5.600,6.293,6.607,6.581,18.643,20.627,17.999,6.365,7.179,8.648,5.535,17.464,18.663,21.077,20.696,23.979,8.442,5.071,5.577,11.953,17.434,12.018,9.606,6.388,5.296,18.576,9.004,7.560,26.015,7.338,20.462,10.164,4.106,4.878,5.911,16.883,12.939,7.488,4.574,15.205,10.658,4.223,8.210,6.820,14.675,21.536,19.646,5.292,6.703,16.464,7.245,17.852,17.388,24.478,17.410,16.637,5.389,19.278,16.289,19.660,8.537,7.660,5.881,17.645,17.029,4.948,6.692,16.959,7.585,18.388
fold_20250529_s47_fl_syb_fullsn_stx3_sn_015_model_0.cif,6.351,17.103,15.728,8.278,4.306,9.533,8.096,18.862,14.592,12.475,6.252,7.449,5.520,4.226,,8.531,12.429,8.022,20.641,23.869,16.065,5.608,3.564,9.160,16.262,26.146,17.873,15.141,16.670,25.939,5.037,7.393,6.553,6.125,18.702,20.997,18.425,5.079,7.042,7.118,4.863,17.219,19.187,20.456,20.978,25.126,6.703,3.958,4.043,9.713,17.150,12.801,9.874,6.192,7.598,17.933,9.691,8.107,26.001,6.244,20.216,9.726,4.976,7.702,4.739,16.470,14.342,7.527,4.527,15.024,12.907,4.100,9.229,6.687,15.838,22.149,19.819,4.387,5.958,17.981,8.047,18.176,17.651,25.956,17.977,17.577,4.892,19.511,17.030,19.558,8.214,8.111,7.677,18.326,17.537,6.648,8.186,18.165,5.619,18.552
fold_20250529_s47_fl_syb_fullsn_stx3_sn_016_model_0.cif,5.933,15.235,13.097,12.308,8.675,11.287,9.540,19.565,15.519,14.898,6.992,5.784,7.367,9.208,8.531,,11.270,6.355,22.013,24.062,16.240,9.438,9.090,13.122,13.183,28.413,20.558,17.613,17.535,28.305,8.038,6.974,10.021,9.443,19.408,21.474,19.236,6.053,6.051,8.079,11.039,18.670,21.092,19.858,20.869,24.928,6.559,9.725,8.384,7.272,17.940,12.183,7.843,8.701,12.057,14.356,10.213,9.376,25.297,7.044,17.506,13.897,10.784,10.753,7.278,15.050,14.883,13.764,10.995,14.560,13.250,8.645,14.342,8.275,17.917,22.727,21.549,8.392,8.276,18.916,11.800,20.154,14.433,25.763,18.659,16.595,8.056,18.452,18.246,21.413,9.935,12.799,8.106,19.876,20.405,11.567,8.556,19.803,5.970,20.299
fold_20250529_s47_fl_syb_fullsn_stx3_sn_017_model_0.cif,11.251,18.171,8.071,15.151,12.357,15.081,13.715,14.570,10.133,10.886,11.546,12.059,12.460,13.084,12.429,11.270,,11.379,17.281,24.132,11.321,13.258,12.791,13.870,7.912,28.544,15.425,14.164,11.788,29.608,12.463,12.617,13.942,13.387,14.079,15.187,13.772,11.328,12.291,12.295,13.838,14.000,15.928,15.635,15.226,25.151,11.726,12.766,12.202,12.285,11.743,10.557,14.401,12.947,15.556,9.107,14.211,14.086,25.977,11.955,11.185,14.816,14.325,14.850,11.665,9.388,10.815,16.057,13.622,9.428,17.437,13.112,16.849,11.560,15.068,20.332,18.723,12.972,12.527,14.673,15.450,16.359,10.192,26.109,13.287,11.053,12.019,11.858,12.928,17.354,13.378,15.970,13.607,14.701,14.830,15.208,13.524,14.647,11.494,13.876
fold_20250529_s47_fl_syb_fullsn_stx3_sn_018_model_0.cif,5.901,16.671,12.745,13.541,6.935,13.870,11.793,20.010,16.920,15.449,5.083,8.365,8.964,10.058,8.022,6.355,11.379,,20.709,23.194,17.309,10.334,9.355,14.081,13.778,27.765,20.540,17.772,18.467,28.966,8.887,9.732,11.855,10.380,19.051,21.857,19.187,7.587,9.111,8.342,9.933,17.016,20.411,19.162,20.440,26.949,7.326,9.033,6.980,7.389,16.179,14.659,11.430,10.496,13.677,14.203,12.720,11.796,25.636,8.902,17.864,11.199,11.728,12.916,6.593,14.975,16.843,12.843,10.949,14.705,17.112,8.677,15.548,8.047,19.610,23.370,20.870,8.617,9.203,20.232,13.342,19.927,15.381,27.259,19.307,18.344,8.868,19.123,18.564,20.241,11.469,14.372,11.053,19.736,20.485,12.911,10.421,20.645,7.031,19.671
fold_20250529_s47_fl_syb_fullsn_stx3_sn_019_model_0.cif,21.416,27.803,15.366,23.538,19.735,24.032,21.081,12.334,15.922,18.047,21.333,22.132,20.527,20.623,20.641,22.013,17.281,20.709,,17.117,13.669,21.371,21.177,21.888,18.922,20.842,16.857,13.770,15.275,36.987,21.268,21.350,23.098,22.271,9.482,11.120,11.071,21.644,22.320,21.772,19.818,12.239,6.446,12.009,13.080,26.793,21.848,20.266,19.920,23.369,15.023,20.355,23.815,22.781,22.539,17.799,23.669,23.492,22.776,22.468,15.628,21.851,21.639,21.771,20.097,15.088,17.534,22.237,21.309,14.739,25.118,20.800,23.938,19.500,21.927,16.597,11.437,21.402,21.881,19.764,23.034,20.362,19.386,26.335,12.197,16.868,21.094,11.527,11.837,11.431,22.847,24.275,21.874,8.946,14.554,22.027,20.705,14.504,22.037,10.822
fold_20250529_s47_fl_syb_fullsn_stx3_sn_020_model_0.cif,23.625,28.681,22.603,25.450,23.107,25.169,24.736,24.363,25.192,26.858,23.543,23.434,24.200,24.333,23.869,24.062,24.132,23.194,17.117,,22.364,24.437,24.264,25.888,25.484,16.311,26.210,22.693,25.139,31.731,24.102,23.630,24.896,24.396,20.031,22.114,22.823,23.615,23.739,24.479,24.057,20.607,20.561,18.823,21.373,25.959,23.353,23.989,23.422,24.595,22.318,25.696,25.000,24.808,25.430,23.998,24.902,24.922,14.632,23.971,23.866,26.163,24.647,24.790,23.317,23.621,26.073,25.536,25.045,24.607,25.983,24.043,25.642,23.326,28.946,19.604,19.291,23.611,24.249,28.200,24.716,26.517,26.499,24.451,21.971,24.938,23.552,21.963,23.013,18.875,24.656,25.553,24.128,20.325,24.857,24.597,24.398,25.580,23.619,23.408
fold_20250529_s47_fl_syb_fullsn_stx3_sn_021_model_0.cif,15.884,20.036,11.690,16.306,16.328,16.193,14.412,12.033,8.025,12.892,16.780,16.126,14.648,15.319,16.065,16.240,11.321,17.309,13.669,22.364,,15.165,15.851,14.457,13.767,24.170,15.092,10.451,10.881,30.098,15.151,14.648,16.252,15.735,8.849,8.643,13.226,15.456,15.606,15.797,16.175,11.961,11.342,12.184,9.999,24.353,16.285,15.584,16.065,17.940,15.258,12.704,16.612,15.879,16.188,13.718,15.971,16.258,24.695,16.009,13.024,18.874,16.043,15.214,15.484,13.287,8.435,18.791,15.926,12.278,17.032,15.902,17.296,15.468,15.293,13.081,12.168,16.075,15.286,14.702,16.324,19.425,12.339,22.885,5.142,6.278,15.293,8.374,4.812,14.652,15.628,17.994,15.147,8.654,13.654,16.410,14.565,12.258,16.412,12.928
fold_20250529_s47_fl_syb_fullsn_stx3_sn_022_model_0.cif,6.862,13.818,16.896,5.260,7.327,6.385,5.932,18.010,13.576,12.733,8.105,7.138,5.986,5.316,5.608,9.438,13.258,10.334,21.371,24.437,15.165,,4.775,7.881,16.974,25.305,19.041,14.975,15.796,24.724,3.594,5.926,4.908,3.594,18.801,20.688,18.711,6.144,5.875,5.703,6.051,18.922,19.330,21.375,20.641,23.480,7.366,4.572,7.164,10.893,17.773,11.563,7.884,5.206,5.622,18.873,6.493,6.343,25.360,5.604,20.624,11.958,4.896,6.135,5.018,17.140,12.710,10.208,4.637,15.629,9.903,4.130,7.005,9.969,14.221,21.545,20.236,4.699,3.812,17.384,4.851,18.768,16.897,24.024,17.869,16.163,4.237,19.110,16.390,19.908,5.239,8.005,5.521,18.230,18.113,5.938,6.934,17.405,7.335,19.247
fold_20250529_s47_fl_syb_fullsn_stx3_sn_023_model_0.cif,6.425,16.301,16.452,6.643,5.410,8.111,6.977,18.723,14.093,12.385,6.666,7.610,5.943,4.136,3.564,9.090,12.791,9.355,21.177,24.264,15.851,4.775,,8.407,16.697,26.146,18.020,15.347,16.564,25.530,4.101,6.821,5.621,5.370,19.021,20.972,18.684,5.757,6.662,6.381,4.964,18.070,19.387,21.133,21.062,24.683,6.483,4.136,4.861,9.984,17.681,11.439,9.313,5.453,6.733,18.609,8.456,7.761,25.854,5.849,20.578,10.648,4.127,7.012,4.742,16.790,13.822,8.022,3.814,15.264,11.769,4.529,8.186,8.168,14.958,22.111,20.220,3.760,5.053,17.199,6.736,17.660,17.729,25.377,17.989,17.201,4.656,19.555,16.882,20.054,7.100,7.173,7.046,18.558,17.396,5.239,7.754,18.018,5.898,18.753
fold_20250529_s47_fl_syb_fullsn_stx3_sn_024_model_0.cif,11.779,16.991,17.185,8.410,11.374,9.702,7.892,19.039,11.910,10.860,12.533,11.603,8.201,7.660,9.160,13.122,13.870,14.081,21.888,25.888,14.457,7.881,8.407,,17.972,25.037,16.595,14.131,16.425,22.544,9.071,9.213,9.127,9.185,18.391,19.850,19.182,10.098,10.783,11.055,9.077,17.451,19.527,21.705,20.493,23.264,12.086,8.449,9.757,15.383,18.951,13.255,12.989,9.428,7.297,19.667,10.701,10.446,25.878,10.538,21.502,11.772,7.397,7.057,10.143,19.185,11.640,10.334,7.496,16.610,10.793,8.978,7.610,10.405,14.393,20.704,19.461,9.721,9.103,16.485,8.541,18.888,18.072,23.676,16.753,15.586,9.355,19.513,15.073,21.164,10.244,9.067,8.920,17.370,16.098,8.016,9.210,16.885,11.798,18.432
fold_20250529_s47_fl_syb_fullsn_stx3_sn_025_model_0.cif,14.463,20.712,8.688,19.336,15.798,18.953,16.719,14.505,14.109,14.396,14.819,15.154,15.358,16.713,16.262,13.183,7.912,13.778,18.922,25.484,13.767,16.974,16.697,17.972,,30.036,18.255,18.967,12.741,32.149,16.190,15.601,17.961,17.472,16.033,15.821,13.557,14.536,15.475,15.546,17.575,16.241,18.038,17.358,14.445,23.944,15.023,16.543,15.620,14.789,12.902,12.558,17.239,16.836,19.347,8.300,18.035,17.910,24.733,15.772,7.804,18.253,18.048,18.451,15.253,6.972,12.906,20.293,17.774,7.831,20.643,16.756,21.236,14.426,15.994,21.846,20.775,16.862,16.138,15.027,19.434,18.053,7.602,25.617,15.456,13.168,16.186,11.871,15.350,20.299,17.400,20.081,16.603,16.782,16.525,19.172,16.260,15.636,14.943,14.425
fold_20250529_s47_fl_syb_fullsn_stx3_sn_026_model_0.cif,27.051,28.931,27.896,25.020,26.284,25.650,25.927,25.429,26.720,26.390,27.379,26.497,26.131,25.978,26.146,28.413,28.544,27.765,20.842,16.311,24.170,25.305,26.146,25.037,30.036,,28.313,24.166,26.347,25.344,26.004,25.961,25.732,25.454,22.470,23.580,25.620,26.474,26.493,26.949,25.573,22.902,22.827,22.566,23.341,19.047,27.142,25.477,26.393,29.260,26.839,28.113,27.353,26.395,25.026,30.061,25.915,26.112,13.468,26.515,28.573,28.030,25.361,25.149,26.021,28.309,26.447,26.717,25.766,27.750,25.466,25.708,24.241,26.682,26.080,19.398,18.901,25.782,25.847,28.007,24.651,28.765,29.758,19.090,24.204,27.009,25.771,25.523,23.687,22.463,25.950,25.379,25.530,22.448,25.421,25.273,26.203,25.873,27.270,25.170
fold_20250529_s47_fl_syb_fullsn_stx3_sn_027_model_0.cif,20.011,24.525,17.149,19.291,19.343,20.067,18.679,15.635,12.387,13.546,20.018,19.512,18.312,17.161,17.873,20.558,15.425,20.540,16.857,26.210,15.092,19.041,18.020,16.595,18.255,28.313,,14.863,13.122,26.142,19.317,19.483,18.742,19.399,17.363,15.624,15.330,18.629,20.046,20.315,18.841,15.187,14.962,19.571,18.936,25.423,20.428,18.813,18.360,21.586,18.412,16.590,21.815,18.860,18.063,17.867,20.422,19.726,28.959,19.791,17.530,18.215,17.710,18.040,19.517,17.231,13.199,16.658,17.808,14.728,20.389,19.308,18.460,17.301,14.588,19.535,18.844,18.984,19.466,13.423,19.754,17.377,18.826,26.215,14.394,14.924,19.375,16.044,14.385,19.842,20.741,17.482,19.102,13.221,10.901,18.082,19.725,12.363,19.320,13.738
fold_20250529_s47_fl_syb_fullsn_stx3_sn_028_model_0.cif,16.487,21.748,15.440,16.060,15.606,16.756,14.746,15.210,9.709,12.557,17.095,17.004,14.726,14.673,15.141,17.613,14.164,17.772,13.770,22.693,10.451,14.975,15.347,14.131,18.967,24.166,14.863,,14.713,29.915,15.302,15.267,16.195,15.493,11.570,14.066,15.837,16.288,16.530,16.407,14.846,13.459,11.980,13.517,17.058,27.976,17.102,15.022,15.467,19.138,17.628,16.000,17.661,16.232,15.233,17.956,16.755,16.462,27.509,16.626,18.722,18.163,15.202,14.532,15.358,17.697,12.282,16.274,14.945,15.992,17.478,15.275,16.057,15.209,18.198,14.534,12.410,15.548,15.700,17.996,15.810,19.599,18.321,27.392,10.888,12.813,15.183,13.891,9.498,13.314,16.211,17.295,15.680,11.269,14.270,15.329,14.729,14.513,16.968,15.003
fold_20250529_s47_fl_syb_fullsn_stx3_sn_029_model_0.cif,17.232,19.912,14.829,17.175,17.532,17.064,15.984,7.335,10.610,12.915,17.892,16.595,16.303,15.987,16.670,17.535,11.788,18.467,15.275,25.139,10.881,15.796,16.564,16.425,12.741,26.347,13.122,14.713,,29.327,16.311,16.783,16.553,16.632,13.855,11.222,9.389,16.184,16.583,16.849,17.157,15.654,12.355,17.589,13.436,20.302,17.348,16.437,17.301,18.809,13.797,11.847,17.602,16.249,16.785,15.361,16.668,16.698,25.242,16.595,11.988,18.561,16.612,16.771,16.517,9.925,8.681,18.844,16.322,9.066,17.983,16.605,17.973,17.007,9.761,17.699,17.480,17.138,16.406,10.462,17.369,16.257,12.741,22.121,11.572,9.940,16.112,9.716,11.203,16.561,16.569,17.768,16.251,11.109,11.486,17.352,17.225,6.227,16.977,10.682
fold_20250529_s47_fl_syb_fullsn_stx3_sn_030_model_0.cif,27.645,21.434,31.359,21.837,29.445,22.015,25.466,33.935,28.130,28.373,28.235,24.861,26.559,24.752,25.939,28.305,29.608,28.966,36.987,31.731,30.098,24.724,25.530,22.544,32.149,25.344,26.142,29.915,29.327,,25.862,26.490,22.597,23.875,35.456,34.131,35.601,25.739,25.879,27.302,27.478,30.437,34.810,36.200,34.636,25.078,27.780,26.725,27.801,28.776,33.600,27.724,25.850,23.496,22.524,30.526,22.670,22.551,27.425,25.344,33.668,21.865,24.431,23.742,27.708,34.088,27.053,23.997,24.064,32.879,21.425,26.204,19.761,27.858,25.213,30.477,34.831,25.648,24.889,27.582,23.033,32.548,30.382,23.182,31.659,28.061,26.268,33.978,31.203,36.199,24.673,20.565,24.530,31.882,31.747,23.903,27.900,30.864,26.598,34.526
fold_20250529_s47_fl_syb_fullsn_stx3_sn_031_model_0.cif,5.301,14.200,15.944,6.348,6.281,6.885,6.965,18.546,14.103,13.144,6.054,6.328,6.083,5.600,5.037,8.038,12.463,8.887,21.268,24.102,15.151,3.594,4.101,9.071,16.190,26.004,19.317,15.302,16.311,25.862,,5.749,5.166,3.901,18.841,20.737,18.950,5.095,5.079,4.399,6.484,18.659,19.370,20.682,20.520,24.345,5.339,4.574,6.309,9.059,17.364,11.229,7.228,4.658,7.380,17.800,6.641,6.399,25.381,4.466,19.971,11.888,5.684,7.317,3.771,16.456,13.394,10.761,5.206,15.339,11.004,4.437,8.572,9.303,15.180,21.559,20.264,4.054,3.052,17.671,6.345,18.640,16.443,24.937,17.798,16.319,3.717,18.923,16.554,19.964,4.742,8.361,6.108,18.550,18.687,6.656,7.007,18.353,5.683,19.455
fold_20250529_s47_fl_syb_fullsn_stx3_sn_032_model_0.cif,6.938,14.994,15.369,8.548,8.105,7.500,5.175,18.352,12.940,12.664,8.709,6.457,4.705,6.293,7.393,6.974,12.617,9.732,21.350,23.630,14.648,5.926,6.821,9.213,15.601,25.961,19.483,15.267,16.783,26.490,5.749,,7.687,6.613,18.627,20.694,18.706,5.976,4.667,7.308,8.558,19.201,19.926,20.794,20.661,23.655,7.262,7.394,7.646,10.830,18.217,10.750,7.209,7.294,7.170,17.380,7.664,7.717,24.884,6.427,19.492,14.401,6.735,5.762,6.197,16.657,12.354,11.896,8.245,15.217,8.907,6.230,9.845,8.594,15.565,21.439,20.456,5.893,6.141,17.642,7.067,19.281,15.625,24.583,17.677,15.603,5.896,18.450,16.536,20.325,7.740,9.982,3.634,18.696,18.458,6.849,4.774,18.111,7.510,19.678
fold_20250529_s47_fl_syb_fullsn_stx3_sn_033_model_0.cif,7.735,13.663,18.203,4.464,9.134,4.819,8.346,19.878,14.742,13.910,8.812,6.412,8.261,6.607,6.553,10.021,13.942,11.855,23.098,24.896,16.252,4.908,5.621,9.127,17.961,25.732,18.742,16.195,16.553,22.597,5.166,7.687,,3.602,20.612,21.803,20.679,5.972,5.783,7.115,8.737,20.338,21.036,22.350,22.108,23.319,7.576,7.272,9.091,10.338,19.461,11.632,7.216,3.112,6.502,19.508,5.273,4.393,25.285,4.720,21.434,13.048,5.926,7.372,7.500,18.292,13.830,10.461,5.788,17.216,9.330,6.829,6.259,11.488,14.182,21.919,21.839,5.369,4.749,17.479,5.381,19.414,17.925,23.984,18.742,16.605,5.429,20.270,17.974,21.534,4.966,5.182,6.782,19.646,19.299,6.243,9.595,18.795,6.678,21.025
fold_20250529_s47_fl_syb_fullsn_stx3_sn_034_model_0.cif,6.165,12.911,17.307,4.269,7.929,5.488,7.816,19.313,14.379,13.769,7.528,6.298,7.497,6.581,6.125,9.443,13.387,10.380,22.271,24.396,15.735,3.594,5.370,9.185,17.472,25.454,19.399,15.493,16.632,23.875,3.901,6.613,3.602,,19.779,21.480,20.248,5.826,5.306,5.549,7.754,19.723,20.378,21.535,21.357,23.910,6.889,6.034,8.244,9.699,18.457,11.900,7.085,3.999,6.699,18.795,5.217,5.193,25.214,4.455,20.893,12.623,6.188,7.339,5.818,17.759,13.655,10.687,5.401,16.768,10.110,5.479,6.956,11.021,14.879,21.607,21.102,4.081,3.319,18.054,5.143,19.519,17.122,24.335,18.471,16.329,4.437,19.705,17.311,20.646,4.192,7.352,6.235,19.173,19.397,6.622,8.443,18.804,6.466,20.654
fold_20250529_s47_fl_syb_fullsn_stx3_sn_035_model_0.cif,19.005,25.074,12.545,20.746,18.049,21.333,18.217,12.323,12.356,15.451,19.333,20.289,17.718,18.643,18.702,19.408,14.079,19.051,9.482,20.031,8.849,18.801,19.021,18.391,16.033,22.470,17.363,11.570,13.855,35.456,18.841,18.627,20.612,19.779,,7.382,11.371,19.095,19.628,19.090,17.979,9.399,8.787,8.976,10.201,25.529,19.466,18.053,18.097,20.810,15.200,17.829,20.870,20.179,20.091,15.589,20.850,20.836,23.635,19.950,13.851,20.612,19.348,19.185,18.185,14.317,14.258,20.910,19.064,13.319,22.020,18.703,21.687,17.325,19.916,14.624,8.244,19.458,19.213,18.820,20.464,20.177,16.893,24.921,7.590,12.724,18.636,8.719,7.383,12.303,19.864,22.293,19.449,7.438,12.964,20.139,17.658,13.357,19.749,10.257
fold_20250529_s47_fl_syb_fullsn_stx3_sn_036_model_0.cif,21.130,25.343,14.452,21.950,20.986,22.245,20.107,10.696,12.511,16.353,21.609,21.749,20.105,20.627,20.997,21.474,15.187,21.857,11.120,22.114,8.643,20.688,20.972,19.850,15.821,23.580,15.624,14.066,11.222,34.131,20.737,20.694,21.803,21.480,7.382,,11.007,20.833,21.322,21.006,20.821,11.870,9.447,11.800,8.914,23.592,21.439,20.548,20.754,22.640,16.361,17.272,22.408,21.489,21.682,15.990,21.858,22.093,23.670,21.556,12.140,22.596,21.144,20.983,20.687,13.798,13.120,23.048,20.917,12.763,22.846,21.141,22.754,20.026,17.606,14.014,11.386,21.536,20.917,16.181,22.042,20.179,15.989,23.443,6.542,10.891,20.874,6.890,7.410,15.100,21.418,23.050,20.984,7.018,12.295,21.833,20.268,11.270,21.506,9.840
fold_20250529_s47_fl_syb_fullsn_stx3_sn_037_model_0.cif,19.416,25.528,14.217,21.257,17.950,21.492,17.966,6.240,12.809,13.932,19.654,19.913,17.642,17.999,18.425,19.236,13.772,19.187,11.071,22.823,13.226,18.711,18.684,19.182,13.557,25.620,15.330,15.837,9.389,35.601,18.950,18.706,20.679,20.248,11.371,11.007,,18.869,19.546,19.384,17.803,14.036,9.652,16.437,13.506,23.102,19.495,17.825,17.858,21.396,12.600,15.508,21.310,20.240,19.740,16.592,21.248,21.228,24.819,19.878,12.304,20.107,18.789,19.268,18.003,9.708,13.084,20.433,18.824,8.106,22.051,18.362,21.921,17.078,15.547,19.738,15.749,19.532,19.604,14.308,20.732,15.949,15.793,25.670,12.916,14.822,18.617,9.912,12.140,14.917,20.484,21.780,19.001,10.804,9.598,19.712,18.300,7.633,19.649,5.716
fold_20250529_s47_fl_syb_fullsn_stx3_sn_038_model_0.cif,5.069,14.845,14.864,8.471,6.824,7.993,8.292,19.049,14.455,13.101,5.940,4.558,6.222,6.365,5.079,6.053,11.328,7.587,21.644,23.615,15.456,6.144,5.757,10.098,14.536,26.474,18.629,16.288,16.184,25.739,5.095,5.976,5.972,5.826,19.095,20.833,18.869,,4.060,6.295,8.428,18.285,20.366,20.363,20.689,23.843,4.745,6.656,6.591,7.627,17.560,11.131,7.393,4.942,8.638,16.271,7.634,6.540,24.648,3.740,18.695,12.030,6.814,8.400,5.576,15.592,13.709,10.655,7.334,14.712,11.386,6.085,10.099,8.007,15.484,21.996,20.915,4.927,5.071,17.652,8.134,19.018,15.612,24.822,17.912,16.176,4.743,18.684,17.406,20.588,6.905,8.425,6.357,18.995,18.632,7.990,8.305,18.460,3.680,19.563
fold_20250529_s47_fl_syb_fullsn_stx3_sn_039_model_0.cif,5.613,13.659,15.734,7.900,8.284,6.288,7.533,19.209,14.417,14.047,7.385,4.261,6.571,7.179,7.042,6.051,12.291,9.111,22.320,23.739,15.606,5.875,6.662,10.783,15.475,26.493,20.046,16.530,16.583,25.879,5.079,4.667,5.783,5.306,19.628,21.322,19.546,4.060,,6.381,9.442,19.980,20.912,21.099,21.384,23.645,5.588,7.652,8.375,8.353,18.448,10.724,5.051,4.908,8.226,17.221,5.762,5.627,24.740,3.322,19.316,14.276,7.511,7.741,6.095,16.408,13.662,12.378,8.204,15.738,9.355,6.440,9.961,9.954,15.683,22.041,21.641,5.402,5.132,18.115,7.368,19.619,15.808,24.730,18.369,15.851,4.640,18.873,17.836,20.954,5.645,8.856,4.905,19.617,19.721,7.869,7.536,18.919,5.027,20.682
fold_20250529_s47_fl_syb_fullsn_stx3_sn_040_model_0.cif,4.272,13.321,15.876,8.040,7.229,9.026,9.174,18.835,14.930,14.051,5.040,7.429,8.448,8.648,7.118,8.079,12.295,8.342,21.772,24.479,15.797,5.703,6.381,11.055,15.546,26.949,20.315,16.407,16.849,27.302,4.399,7.308,7.115,5.549,19.090,21.006,19.384,6.295,6.381,,8.453,19.313,20.065,20.624,20.595,24.727,5.293,6.918,7.813,7.138,17.820,11.550,7.741,6.547,10.191,16.964,7.848,8.281,25.379,5.716,19.338,13.404,8.388,10.185,5.187,16.036,14.257,12.800,7.781,15.011,12.927,7.229,10.979,10.983,15.875,22.294,20.959,5.974,4.018,18.465,8.479,19.299,15.865,25.290,18.507,16.650,6.261,18.766,17.263,20.762,5.927,10.620,8.317,19.346,19.361,9.575,8.585,19.156,6.092,19.790
fold_20250529_s47_fl_syb_fullsn_stx3_sn_041_model_0.cif,8.562,18.721,16.624,9.038,4.680,10.857,7.784,18.285,14.764,12.576,8.515,10.276,6.532,5.535,4.863,11.039,13.838,9.933,19.818,24.057,16.175,6.051,4.964,9.077,17.575,25.573,18.841,14.846,17.157,27.478,6.484,8.558,8.737,7.754,17.979,20.821,17.803,8.428,9.442,8.453,,17.138,18.373,20.742,20.598,26.012,8.878,3.450,4.473,12.535,16.669,13.625,11.921,8.744,7.919,19.586,11.256,10.506,26.772,8.846,21.329,10.160,5.673,8.092,5.343,17.136,14.687,8.125,4.775,15.428,13.996,4.434,9.686,8.160,16.449,22.355,18.996,6.121,7.634,18.332,8.234,17.503,18.738,26.753,18.148,18.470,6.206,19.803,16.547,18.744,9.471,10.241,9.003,17.953,17.031,6.803,7.786,17.850,8.911,17.827
fold_20250529_s47_fl_syb_fullsn_stx3_sn_042_model_0.cif,18.396,25.282,11.757,20.769,17.065,21.893,18.504,15.835,14.448,15.084,18.030,19.539,17.114,17.464,17.219,18.670,14.000,17.016,12.239,20.607,11.961,18.922,18.070,17.451,16.241,22.902,15.187,13.459,15.654,30.437,18.659,19.201,20.338,19.723,9.399,11.870,14.036,18.285,19.980,19.313,17.138,,11.928,9.974,12.081,26.182,19.041,17.376,16.426,19.886,15.654,19.307,21.804,19.695,20.068,14.924,21.515,20.679,23.061,19.750,15.305,16.089,18.915,19.195,17.612,15.493,16.029,18.352,17.996,14.210,23.479,18.039,21.355,14.920,20.435,16.013,9.299,18.876,19.062,18.828,20.959,20.108,17.777,25.391,10.203,15.249,18.549,13.472,10.250,15.032,20.530,21.283,19.741,10.188,14.123,19.883,18.348,15.514,18.675,11.420
fold_20250529_s47_fl_syb_fullsn_stx3_sn_043_model_0.cif,20.294,25.433,14.991,21.248,18.903,21.904,18.985,9.630,12.997,16.214,20.429,21.016,18.854,18.663,19.187,21.092,15.928,20.411,6.446,20.561,11.342,19.330,19.387,19.527,18.038,22.827,14.962,11.980,12.355,34.810,19.370,19.926,21.036,20.378,8.787,9.447,9.652,20.366,20.912,20.065,18.373,11.928,,13.005,12.101,25.725,20.808,18.625,18.918,22.453,14.161,18.166,22.132,20.792,20.350,17.583,21.630,21.514,24.837,21.032,15.274,20.297,19.743,19.731,18.817,14.297,14.657,20.779,19.080,13.452,22.930,19.231,21.810,18.613,18.669,15.676,11.078,20.068,20.097,16.756,21.254,18.753,17.890,25.021,9.752,14.153,19.505,10.247,9.020,11.666,20.836,22.284,20.190,6.222,12.753,20.287,19.131,11.299,20.902,9.397
fold_20250529_s47_fl_syb_fullsn_stx3_sn_044_model_0.cif,19.783,25.819,12.831,23.075,19.693,23.356,21.271,17.252,16.677,19.030,19.765,20.940,20.163,21.077,20.456,19.858,15.635,19.162,12.009,18.823,12.184,21.375,21.133,21.705,17.358,22.566,19.571,13.517,17.589,36.200,20.682,20.794,22.350,21.535,8.976,11.800,16.437,20.363,21.099,20.624,20.742,9.974,13.005,,12.445,27.411,20.312,20.613,19.923,20.391,17.584,20.419,21.937,21.622,23.261,14.554,22.517,22.115,22.292,21.193,14.502,21.968,22.248,22.158,19.909,16.186,18.364,23.187,21.635,16.602,24.879,21.017,24.390,19.031,23.556,13.018,9.550,21.043,20.825,21.715,23.090,22.847,17.940,26.325,10.845,15.230,20.636,11.926,11.919,14.597,21.605,24.344,21.799,12.178,18.312,22.857,20.254,18.671,20.411,15.377
fold_20250529_s47_fl_syb_fullsn_stx3_sn_045_model_0.cif,20.437,24.330,13.460,22.193,20.481,22.537,20.198,12.646,15.299,18.210,20.801,21.181,20.067,20.696,20.978,20.869,15.226,20.440,13.080,21.373,9.999,20.641,21.062,20.493,14.445,23.341,18.936,17.058,13.436,34.636,20.520,20.661,22.108,21.357,10.201,8.914,13.506,20.689,21.384,20.595,20.598,12.081,12.101,12.445,,23.596,21.040,20.352,20.434,21.835,13.915,18.000,22.289,21.506,22.369,14.630,21.919,22.106,22.231,21.530,11.912,21.457,21.812,21.584,20.003,12.815,14.777,23.626,21.050,13.560,23.940,20.875,23.555,19.796,18.694,14.808,12.875,21.311,20.545,16.764,22.429,20.592,13.450,21.762,10.037,12.646,20.711,9.487,9.909,15.879,21.258,24.130,21.140,10.436,16.390,22.478,20.150,14.743,21.285,12.612
fold_20250529_s47_fl_syb_fullsn_stx3_sn_046_model_0.cif,25.271,23.841,27.388,23.503,26.575,23.087,23.189,21.470,24.219,22.484,26.247,23.386,23.882,23.979,25.126,24.928,25.151,26.949,26.793,25.959,24.353,23.480,24.683,23.264,23.944,19.047,25.423,27.976,20.302,25.078,24.345,23.655,23.319,23.910,25.529,23.592,23.102,23.843,23.645,24.727,26.012,26.182,25.725,27.411,23.596,,25.513,25.101,26.076,26.636,27.518,22.823,23.552,23.582,22.870,27.114,22.933,22.967,15.599,24.195,23.854,27.162,23.810,23.046,25.189,23.376,21.665,26.506,24.614,22.299,21.547,24.838,23.419,25.430,17.631,24.199,24.406,24.854,23.808,20.078,23.502,25.729,23.829,13.347,25.282,23.919,24.639,23.963,24.715,29.532,24.064,23.168,22.444,24.385,23.290,24.207,24.422,20.902,25.028,23.509
fold_20250529_s47_fl_syb_fullsn_stx3_sn_047_model_0.cif,4.579,14.959,15.284,9.334,6.696,9.032,9.394,19.765,15.756,14.707,4.694,6.135,8.327,8.442,6.703,6.559,11.726,7.326,21.848,23.353,16.285,7.366,6.483,12.086,15.023,27.142,20.428,17.102,17.348,27.780,5.339,7.262,7.576,6.889,19.466,21.439,19.495,4.745,5.588,5.293,8.878,19.041,20.808,20.312,21.040,25.513,,7.464,6.882,6.358,17.646,11.190,7.776,6.560,10.776,16.445,8.092,8.019,25.073,4.512,19.086,12.972,8.520,10.573,5.329,15.669,15.225,12.324,8.549,15.318,13.190,7.282,11.750,9.509,17.089,22.675,21.433,5.449,5.576,18.894,9.091,18.986,16.318,26.297,18.769,17.322,5.696,19.055,18.217,20.591,6.988,10.581,8.343,19.961,19.794,9.292,9.073,19.832,3.939,20.254
fold_20250529_s47_fl_syb_fullsn_stx3_sn_048_model_0.cif,7.268,17.063,15.905,7.843,4.741,9.421,7.456,18.118,14.216,12.270,7.319,8.710,5.699,5.071,3.958,9.725,12.766,9.033,20.266,23.989,15.584,4.572,4.136,8.449,16.543,25.477,18.813,15.022,16.437,26.725,4.574,7.394,7.272,6.034,18.053,20.548,17.825,6.656,7.652,6.918,3.450,17.376,18.625,20.613,20.352,25.101,7.464,,4.581,11.245,16.430,12.720,10.425,7.120,7.362,18.655,9.699,9.071,25.926,6.945,20.508,10.148,5.100,7.547,4.075,16.541,13.887,8.890,4.110,14.957,12.839,3.208,8.961,8.023,15.610,22.079,19.451,5.140,5.803,18.019,7.377,18.009,17.595,25.909,17.823,17.440,4.576,19.228,16.294,19.199,7.585,9.198,7.746,17.963,17.259,6.654,7.450,17.690,7.537,18.019
fold_20250529_s47_fl_syb_fullsn_stx3_sn_049_model_0.cif,6.774,18.319,14.716,10.299,3.532,11.303,8.183,18.793,14.822,12.587,6.252,8.696,5.732,5.577,4.043,8.384,12.202,6.980,19.920,23.422,16.065,7.164,4.861,9.757,15.620,26.393,18.360,15.467,17.301,27.801,6.309,7.646,9.091,8.244,18.097,20.754,17.858,6.591,8.375,7.813,4.473,16.426,18.918,19.923,20.434,26.076,6.882,4.581,,10.306,16.387,13.018,11.372,8.556,9.303,17.355,11.370,10.401,26.051,7.875,19.791,9.444,6.548,8.730,4.561,16.029,14.795,8.198,6.216,14.401,14.398,5.035,11.217,5.498,17.084,22.403,19.405,5.718,7.462,18.316,9.522,17.636,17.458,26.839,17.973,18.064,6.218,19.296,16.838,19.173,9.925,10.488,8.763,18.235,17.350,7.834,7.721,18.430,6.757,17.948
fold_20250529_s47_fl_syb_fullsn_stx3_sn_050_model_0.cif,5.514,14.689,15.352,12.429,9.451,12.493,13.267,21.447,17.891,17.037,5.374,8.089,11.570,11.953,9.713,7.272,12.285,7.389,23.369,24.595,17.940,10.893,9.984,15.383,14.789,29.260,21.586,19.138,18.809,28.776,9.059,10.830,10.338,9.699,20.810,22.640,21.396,7.627,8.353,7.138,12.535,19.886,22.453,20.391,21.835,26.636,6.358,11.245,10.306,,18.949,13.655,9.174,9.032,14.519,15.320,10.882,10.358,25.939,7.697,18.516,14.725,12.615,14.235,8.822,15.953,17.385,14.701,12.006,16.271,16.277,11.047,15.354,12.067,19.026,23.704,22.804,9.057,8.543,20.577,13.084,20.928,16.143,26.926,20.108,18.217,9.572,19.803,19.954,22.383,9.882,13.403,11.796,21.487,21.982,13.591,12.313,21.900,5.576,21.858
fold_20250529_s47_fl_syb_fullsn_stx3_sn_051_model_0.cif,17.207,23.315,13.050,20.024,16.134,20.315,18.343,13.979,15.685,16.580,17.036,18.006,17.449,17.434,17.150,17.940,11.743,16.179,15.023,22.318,15.258,17.773,17.681,18.951,12.902,26.839,18.412,17.628,13.797,33.600,17.364,18.217,19.461,18.457,15.200,16.361,12.600,17.560,18.448,17.820,16.669,15.654,14.161,17.584,13.915,27.518,17.646,16.430,16.387,18.949,,16.298,20.467,18.645,20.066,14.762,19.796,19.853,26.236,18.066,13.819,17.108,18.876,19.511,15.887,10.651,15.955,19.798,17.500,12.590,22.878,16.994,21.236,16.521,18.224,21.086,19.131,17.801,18.008,16.132,20.206,13.685,14.024,28.077,16.396,16.424,16.754,14.036,15.489,14.460,18.513,21.328,18.842,14.852,16.740,19.546,18.201,15.538,17.820,13.654
fold_20250529_s47_fl_syb_fullsn_stx3_sn_052_model_0.cif,11.855,16.763,15.140,12.264,13.284,11.349,10.926,14.488,10.946,12.465,12.935,11.466,12.080,12.018,12.801,12.183,10.557,14.659,20.355,25.696,12.704,11.563,11.439,13.255,12.558,28.113,16.590,16.000,11.847,27.724,11.229,10.750,11.632,11.900,17.829,17.272,15.508,11.131,10.724,11.550,13.625,19.307,18.166,20.419,18.000,22.823,11.190,12.720,13.018,13.655,16.298,,11.935,11.039,12.655,15.604,10.952,11.984,25.880,10.936,15.702,17.576,11.993,12.399,11.881,12.606,9.586,15.973,12.473,11.667,12.936,12.719,13.755,13.807,11.022,20.908,21.218,11.578,11.216,10.867,11.984,15.082,12.721,24.771,15.448,12.104,11.213,14.795,14.991,19.871,11.389,13.250,10.901,17.227,15.219,12.086,12.135,14.231,11.579,16.704
fold_20250529_s47_fl_syb_fullsn_stx3_sn_053_model_0.cif,7.994,12.287,17.734,9.108,10.989,7.128,8.918,20.236,15.944,16.162,9.665,6.457,9.037,9.606,9.874,7.843,14.401,11.430,23.815,25.000,16.612,7.884,9.313,12.989,17.239,27.353,21.815,17.661,17.602,25.850,7.228,7.209,7.216,7.085,20.870,22.408,21.310,7.393,5.051,7.741,11.921,21.804,22.132,21.937,22.289,23.552,7.776,10.425,11.372,9.174,20.467,11.935,,6.424,9.691,18.564,5.843,5.255,25.392,6.354,20.571,16.521,9.900,9.277,8.775,17.821,14.741,14.543,10.593,17.557,9.127,9.083,11.393,12.663,16.445,22.315,22.552,8.035,7.034,19.103,8.427,21.231,16.868,24.332,19.586,16.642,7.407,19.813,18.967,22.490,6.333,10.721,6.850,20.900,21.690,10.014,8.854,20.185,7.532,22.536
fold_20250529_s47_fl_syb_fullsn_stx3_sn_054_model_0.cif,6.731,13.233,17.017,5.517,8.697,5.428,8.138,19.668,14.705,14.052,7.671,5.516,7.646,6.388,6.192,8.701,12.947,10.496,22.781,24.808,15.879,5.206,5.453,9.428,16.836,26.395,18.860,16.232,16.249,23.496,4.658,7.294,3.112,3.999,20.179,21.489,20.240,4.942,4.908,6.547,8.744,19.695,20.792,21.622,21.506,23.582,6.560,7.120,8.556,9.032,18.645,11.039,6.424,,7.440,18.333,5.048,3.878,25.398,3.803,20.418,12.250,6.630,7.808,6.634,17.322,13.859,10.754,6.089,16.581,9.836,6.500,7.779,10.690,14.714,21.747,21.550,5.193,4.267,17.057,6.551,18.988,16.931,24.246,18.376,16.122,4.670,19.671,17.771,21.310,4.364,6.422,6.463,19.422,19.467,7.046,8.972,18.757,5.487,20.766
fold_20250529_s47_fl_syb_fullsn_stx3_sn_055_model_0.cif,10.739,15.961,19.153,6.209,10.087,6.800,5.725,18.996,13.523,12.677,11.974,9.587,6.629,5.296,7.598,12.057,15.556,13.677,22.539,25.430,16.188,5.622,6.733,7.297,19.347,25.026,18.063,15.233,16.785,22.524,7.380,7.170,6.502,6.699,20.091,21.682,19.740,8.638,8.226,10.191,7.919,20.068,20.350,23.261,22.369,22.870,10.776,7.362,9.303,14.519,20.066,12.655,9.691,7.440,,21.391,8.162,7.451,26.154,8.715,22.774,13.243,4.107,3.429,8.865,19.493,12.822,8.842,6.059,17.449,7.676,6.489,5.276,10.591,13.879,21.990,21.005,7.003,7.814,17.176,4.506,19.336,19.259,23.565,18.654,17.147,7.125,20.699,17.264,21.304,8.464,6.800,5.767,18.927,17.611,4.211,7.858,17.347,10.190,20.120
fold_20250529_s47_fl_syb_fullsn_stx3_sn_056_model_0.cif,15.475,20.196,6.192,20.891,17.619,20.572,18.744,17.144,14.844,16.968,15.666,16.097,17.344,18.576,17.933,14.356,9.107,14.203,17.799,23.998,13.718,18.873,18.609,19.667,8.300,30.061,17.867,17.956,15.361,30.526,17.800,17.380,19.508,18.795,15.589,15.990,16.592,16.271,17.221,16.964,19.586,14.924,17.583,14.554,14.630,27.114,16.445,18.655,17.355,15.320,14.762,15.604,18.564,18.333,21.391,,19.258,19.014,26.159,17.352,8.216,18.742,20.351,20.348,16.779,10.845,15.173,21.743,19.644,12.104,22.552,18.650,22.796,16.019,19.943,20.731,19.774,18.353,17.500,17.816,21.319,21.270,8.661,26.601,14.828,12.654,18.049,11.828,15.207,19.955,18.924,21.786,18.480,16.188,19.094,21.220,17.993,18.359,16.350,16.673
fold_20250529_s47_fl_syb_fullsn_stx3_sn_057_model_0.cif,8.608,10.704,18.383,5.622,11.493,3.495,8.331,19.969,14.863,15.438,10.278,6.860,9.603,9.004,9.691,10.213,14.211,12.720,23.669,24.902,15.971,6.493,8.456,10.701,18.035,25.915,20.422,16.755,16.668,22.670,6.641,7.664,5.273,5.217,20.850,21.858,21.248,7.634,5.762,7.848,11.256,21.515,21.630,22.517,21.919,22.933,8.092,9.699,11.370,10.882,19.796,10.952,5.843,5.048,8.162,19.258,,4.226,24.927,5.680,21.104,14.978,8.723,8.480,8.720,18.470,13.746,13.429,8.705,17.954,7.883,8.667,8.135,13.302,14.919,21.646,22.444,7.172,5.998,17.642,6.248,20.061,17.075,23.239,18.966,15.741,6.632,19.895,18.229,21.813,4.309,8.485,6.565,20.121,20.841,8.363,9.641,19.234,8.105,22.175
fold_20250529_s47_fl_syb_fullsn_stx3_sn_058_model_0.cif,8.397,12.002,18.038,6.512,10.623,5.016,8.310,20.245,15.168,15.144,9.719,5.907,8.440,7.560,8.107,9.376,14.086,11.796,23.492,24.922,16.258,6.343,7.761,10.446,17.910,26.112,19.726,16.462,16.698,22.551,6.399,7.717,4.393,5.193,20.836,22.093,21.228,6.540,5.627,8.281,10.506,20.679,21.514,22.115,22.106,22.967,8.019,9.071,10.401,10.358,19.853,11.984,5.255,3.878,7.451,19.014,4.226,,25.222,5.495,21.156,13.682,7.904,7.704,8.390,18.411,14.057,11.873,8.012,17.865,8.465,7.749,8.086,11.775,15.220,21.586,22.048,6.748,6.001,17.780,6.507,20.222,17.453,23.360,18.958,16.260,6.143,20.176,18.379,21.821,5.312,7.621,6.412,19.968,20.667,8.048,9.508,19.269,7.147,22.003
fold_20250529_s47_fl_syb_fullsn_stx3_sn_059_model_0.cif,25.124,26.174,25.585,25.480,26.162,25.200,25.722,25.384,27.252,26.526,25.491,24.211,25.662,26.015,26.001,25.297,25.977,25.636,22.776,14.632,24.695,25.360,25.854,25.878,24.733,13.468,28.959,27.509,25.242,27.425,25.381,24.884,25.285,25.214,23.635,23.670,24.819,24.648,24.740,25.379,26.772,23.061,24.837,22.292,22.231,15.599,25.073,25.926,26.051,25.939,26.236,25.880,25.392,25.398,26.154,26.159,24.927,25.222,,24.931,24.244,27.889,25.963,25.926,25.448,24.572,25.975,28.220,26.444,24.841,25.491,25.987,26.005,25.678,24.578,21.573,21.995,25.485,24.869,26.376,25.483,28.718,25.679,17.000,24.948,26.255,25.500,24.304,25.318,25.659,25.306,25.751,24.758,23.895,26.149,26.244,26.085,26.131,25.171,24.892
fold_20250529_s47_fl_syb_fullsn_stx3_sn_060_model_0.cif,5.153,13.660,16.061,7.019,7.709,6.342,8.673,19.653,14.920,14.058,6.322,4.301,7.617,7.338,6.244,7.044,11.955,8.902,22.468,23.971,16.009,5.604,5.849,10.538,15.772,26.515,19.791,16.626,16.595,25.344,4.466,6.427,4.720,4.455,19.950,21.556,19.878,3.740,3.322,5.716,8.846,19.750,21.032,21.193,21.530,24.195,4.512,6.945,7.875,7.697,18.066,10.936,6.354,3.803,8.715,17.352,5.680,5.495,24.931,,19.640,13.024,7.342,8.771,5.634,16.492,14.215,11.725,7.219,15.972,10.744,6.313,9.335,10.155,15.671,22.391,21.864,4.789,4.291,18.187,7.222,19.331,16.323,25.236,18.626,16.386,4.106,19.287,18.063,20.905,4.798,8.007,6.486,19.812,19.772,7.851,8.948,19.230,4.006,20.672
fold_20250529_s47_fl_syb_fullsn_stx3_sn_061_model_0.cif,18.370,22.820,9.567,22.539,19.831,22.189,20.328,12.800,14.856,17.148,18.768,18.825,19.403,20.462,20.216,17.506,11.185,17.864,15.628,23.866,13.024,20.624,20.578,21.502,7.804,28.573,17.530,18.722,11.988,33.668,19.971,19.492,21.434,20.893,13.851,12.140,12.304,18.695,19.316,19.338,21.329,15.305,15.274,14.502,11.912,23.854,19.086,20.508,19.791,18.516,13.819,15.702,20.571,20.418,22.774,8.216,21.104,21.156,24.244,19.640,,21.658,21.822,21.910,19.185,7.620,14.484,23.759,21.394,9.455,23.580,20.659,24.378,18.595,18.084,19.329,18.685,20.553,19.834,15.747,22.874,19.654,9.363,24.845,13.324,12.077,20.063,7.879,14.103,18.911,20.845,23.447,20.197,14.025,16.472,22.702,19.955,14.688,18.947,13.160
fold_20250529_s47_fl_syb_fullsn_stx3_sn_062_model_0.cif,12.570,18.329,16.573,13.385,11.293,15.171,13.065,21.095,17.672,15.912,11.630,13.215,11.530,10.164,9.726,13.897,14.816,11.199,21.851,26.163,18.874,11.958,10.648,11.772,18.253,28.030,18.215,18.163,18.561,21.865,11.888,14.401,13.048,12.623,20.612,22.596,20.107,12.030,14.276,13.404,10.160,16.089,20.297,21.968,21.457,27.162,12.972,10.148,9.444,14.725,17.108,17.576,16.521,12.250,13.243,18.742,14.978,13.682,27.889,13.024,21.658,,11.987,13.473,10.877,18.717,17.619,10.081,9.648,17.558,18.430,10.384,13.869,10.357,18.826,23.926,21.058,11.843,12.327,19.233,14.401,19.601,19.365,26.076,19.871,19.913,11.769,21.856,18.767,21.356,14.065,13.510,14.041,19.226,19.496,13.133,13.957,19.745,12.222,19.419
fold_20250529_s47_fl_syb_fullsn_stx3_sn_063_model_0.cif,8.906,17.140,18.059,6.458,7.332,7.638,6.303,18.741,13.838,12.029,9.578,8.927,5.823,4.106,4.976,10.784,14.325,11.728,21.639,24.647,16.043,4.896,4.127,7.397,18.048,25.361,17.710,15.202,16.612,24.431,5.684,6.735,5.926,6.188,19.348,21.144,18.789,6.814,7.511,8.388,5.673,18.915,19.743,22.248,21.812,23.810,8.520,5.100,6.548,12.615,18.876,11.993,9.900,6.630,4.107,20.351,8.723,7.904,25.963,7.342,21.822,11.987,,5.025,6.965,18.119,13.272,7.550,4.360,15.997,9.903,5.199,6.305,8.762,14.201,22.184,20.382,5.242,6.606,17.257,5.113,18.146,18.961,24.816,18.251,17.563,5.749,20.185,17.041,20.402,8.102,6.277,6.354,18.609,16.775,3.480,7.639,17.382,8.110,19.004
fold_20250529_s47_fl_syb_fullsn_stx3_sn_064_model_0.cif,10.391,16.271,17.822,7.640,9.761,7.388,4.515,18.712,12.860,12.316,11.716,9.046,5.127,4.878,7.702,10.753,14.850,12.916,21.771,24.790,15.214,6.135,7.012,7.057,18.451,25.149,18.040,14.532,16.771,23.742,7.317,5.762,7.372,7.339,19.185,20.983,19.268,8.400,7.741,10.185,8.092,19.195,19.731,22.158,21.584,23.046,10.573,7.547,8.730,14.235,19.511,12.399,9.277,7.808,3.429,20.348,8.480,7.704,25.926,8.771,21.910,13.473,5.025,,8.502,18.909,12.205,9.364,6.901,16.840,7.265,6.467,7.060,9.227,14.620,21.154,20.123,7.302,8.082,17.138,5.915,19.172,18.404,23.652,17.762,16.390,7.088,19.870,16.405,20.625,8.930,7.949,4.739,18.214,17.572,4.792,6.229,17.305,9.989,19.721
fold_20250529_s47_fl_syb_fullsn_stx3_sn_065_model_0.cif,4.711,15.398,14.602,8.587,4.344,9.249,7.490,18.106,14.456,13.056,4.980,6.555,5.863,5.911,4.739,7.278,11.665,6.593,20.097,23.317,15.484,5.018,4.742,10.143,15.253,26.021,19.517,15.358,16.517,27.708,3.771,6.197,7.500,5.818,18.185,20.687,18.003,5.576,6.095,5.187,5.343,17.612,18.817,19.909,20.003,25.189,5.329,4.075,4.561,8.822,15.887,11.881,8.775,6.634,8.865,16.779,8.720,8.390,25.448,5.634,19.185,10.877,6.965,8.502,,15.384,14.129,10.508,6.065,14.473,13.006,3.843,10.583,7.956,16.375,22.039,19.853,4.311,4.716,18.043,8.223,18.059,15.935,25.911,17.971,16.918,4.110,18.583,16.639,19.011,6.950,10.383,7.059,18.329,18.523,7.797,6.834,18.358,5.786,18.607
fold_20250529_s47_fl_syb_fullsn_stx3_sn_066_model_0.cif,15.417,21.797,10.756,19.548,15.627,19.342,17.235,10.356,14.044,14.418,15.489,16.054,16.342,16.883,16.470,15.050,9.388,14.975,15.088,23.621,13.287,17.140,16.790,19.185,6.972,28.309,17.231,17.697,9.925,34.088,16.456,16.657,18.292,17.759,14.317,13.798,9.708,15.592,16.408,16.036,17.136,15.493,14.297,16.186,12.815,23.376,15.669,16.541,16.029,15.953,10.651,12.606,17.821,17.322,19.493,10.845,18.470,18.411,24.572,16.492,7.620,18.717,18.119,18.909,15.384,,13.036,20.137,17.756,5.884,21.317,16.896,21.395,15.475,15.078,20.797,18.901,17.032,16.733,13.819,19.536,16.293,9.931,25.275,14.378,13.554,16.329,9.822,14.162,17.180,17.706,20.381,17.295,14.533,14.638,19.024,17.063,12.838,15.697,11.376
fold_20250529_s47_fl_syb_fullsn_stx3_sn_067_model_0.cif,14.735,17.965,13.982,13.809,15.352,13.655,11.692,11.066,6.028,9.254,16.026,14.198,12.520,12.939,14.342,14.883,10.815,16.843,17.534,26.073,8.435,12.710,13.822,11.640,12.906,26.447,13.199,12.282,8.681,27.053,13.394,12.354,13.830,13.655,14.258,13.120,13.084,13.709,13.662,14.257,14.687,16.029,14.657,18.364,14.777,21.665,15.225,13.887,14.795,17.385,15.955,9.586,14.741,13.859,12.822,15.173,13.746,14.057,25.975,14.215,14.484,17.619,13.272,12.205,14.129,13.036,,16.438,13.790,10.528,13.525,13.972,14.308,14.099,9.459,17.603,17.594,14.285,13.446,11.402,13.554,17.572,11.650,22.802,11.359,8.043,13.632,11.645,9.450,18.318,13.998,15.029,12.230,12.430,11.747,13.694,12.733,9.781,15.044,13.138
fold_20250529_s47_fl_syb_fullsn_stx3_sn_068_model_0.cif,12.009,19.940,19.472,10.989,9.264,12.794,10.908,20.971,16.366,13.961,11.844,12.370,9.618,7.488,7.527,13.764,16.057,12.843,22.237,25.536,18.791,10.208,8.022,10.334,20.293,26.717,16.658,16.274,18.844,23.997,10.761,11.896,10.461,10.687,20.910,23.048,20.433,10.655,12.378,12.800,8.125,18.352,20.779,23.187,23.626,26.506,12.324,8.890,8.198,14.701,19.798,15.973,14.543,10.754,8.842,21.743,13.429,11.873,28.220,11.725,23.759,10.081,7.550,9.364,10.508,20.137,16.438,,7.701,18.032,14.511,8.925,9.917,9.084,17.259,23.764,21.252,9.005,11.490,19.148,10.536,18.605,21.810,26.507,20.047,20.400,9.976,22.622,19.047,20.974,13.071,9.122,11.390,19.688,17.520,8.266,11.844,19.036,10.764,19.940
fold_20250529_s47_fl_syb_fullsn_stx3_sn_069_model_0.cif,8.198,16.185,17.230,5.918,6.944,8.194,7.414,18.693,14.077,12.680,8.613,9.037,6.707,4.574,4.527,10.995,13.622,10.949,21.309,25.045,15.926,4.637,3.814,7.496,17.774,25.766,17.808,14.945,16.322,24.064,5.206,8.245,5.788,5.401,19.064,20.917,18.824,7.334,8.204,7.781,4.775,17.996,19.080,21.635,21.050,24.614,8.549,4.110,6.216,12.006,17.500,12.473,10.593,6.089,6.059,19.644,8.705,8.012,26.444,7.219,21.394,9.648,4.360,6.901,6.065,17.756,13.790,7.701,,16.068,11.832,4.527,6.829,9.269,14.633,21.901,20.048,5.245,6.107,16.954,6.511,17.629,18.397,25.006,17.891,17.207,5.314,19.969,16.661,19.842,7.351,7.195,7.855,18.110,17.339,5.716,8.704,17.532,7.930,18.817
fold_20250529_s47_fl_syb_fullsn_stx3_sn_070_model_0.cif,14.792,21.876,11.005,18.240,14.501,18.533,15.424,9.047,11.667,11.082,15.003,15.763,14.489,15.205,15.024,14.560,9.428,14.705,14.739,24.607,12.278,15.629,15.264,16.610,7.831,27.750,14.728,15.992,9.066,32.879,15.339,15.217,17.216,16.768,13.319,12.763,8.106,14.712,15.738,15.011,15.428,14.210,13.452,16.602,13.560,22.299,15.318,14.957,14.401,16.271,12.590,11.667,17.557,16.581,17.449,12.104,17.954,17.865,24.841,15.972,9.455,17.558,15.997,16.840,14.473,5.884,10.528,18.032,16.068,,19.769,15.525,19.507,13.714,13.007,20.579,17.623,15.984,15.702,12.771,17.978,15.779,11.046,24.660,13.236,12.950,15.580,10.184,12.301,17.321,17.200,18.656,15.848,13.192,11.055,17.216,15.324,10.459,15.258,8.812
fold_20250529_s47_fl_syb_fullsn_stx3_sn_071_model_0.cif,13.633,14.379,21.073,9.354,15.056,7.010,8.697,20.699,14.807,15.669,15.451,10.965,10.657,10.658,12.907,13.250,17.437,17.112,25.118,25.983,17.032,9.903,11.769,10.793,20.643,25.466,20.389,17.478,17.983,21.425,11.004,8.907,9.330,10.110,22.020,22.846,22.051,11.386,9.355,12.927,13.996,23.479,22.930,24.879,23.940,21.547,13.190,12.839,14.398,16.277,22.878,12.936,9.127,9.836,7.676,22.552,7.883,8.465,25.491,10.744,23.580,18.430,9.903,7.265,13.006,21.317,13.525,14.511,11.832,19.769,,11.692,8.868,14.618,15.080,22.082,23.315,11.402,10.972,18.366,8.139,21.564,19.796,22.275,19.905,16.830,10.721,21.403,19.113,23.461,10.075,9.627,7.151,20.960,20.460,9.104,10.471,19.009,12.843,23.166
fold_20250529_s47_fl_syb_fullsn_stx3_sn_072_model_0.cif,6.876,15.931,16.079,7.742,5.422,8.562,6.352,18.392,14.434,13.047,7.543,7.385,4.588,4.223,4.100,8.645,13.112,8.677,20.800,24.043,15.902,4.130,4.529,8.978,16.756,25.708,19.308,15.275,16.605,26.204,4.437,6.230,6.829,5.479,18.703,21.141,18.362,6.085,6.440,7.229,4.434,18.039,19.231,21.017,20.875,24.838,7.282,3.208,5.035,11.047,16.994,12.719,9.083,6.500,6.489,18.650,8.667,7.749,25.987,6.313,20.659,10.384,5.199,6.467,3.843,16.896,13.972,8.925,4.527,15.525,11.692,,8.866,7.847,15.908,22.201,20.024,4.458,5.616,18.218,6.853,18.571,17.383,25.498,18.247,17.329,3.789,19.560,16.886,19.477,7.230,9.113,6.141,18.428,18.261,6.240,6.664,17.945,6.976,18.991
fold_20250529_s47_fl_syb_fullsn_stx3_sn_073_model_0.cif,11.875,15.652,21.052,4.884,11.847,6.410,9.135,20.992,15.067,14.197,12.864,10.766,10.175,8.210,9.229,14.342,16.849,15.548,23.938,25.642,17.296,7.005,8.186,7.610,21.236,24.241,18.460,16.057,17.973,19.761,8.572,9.845,6.259,6.956,21.687,22.754,21.921,10.099,9.961,10.979,9.686,21.355,21.810,24.390,23.555,23.419,11.750,8.961,11.217,15.354,21.236,13.755,11.393,7.779,5.276,22.796,8.135,8.086,26.005,9.335,24.378,13.869,6.305,7.060,10.583,21.395,14.308,9.917,6.829,19.507,8.868,8.866,,13.312,14.539,22.243,22.256,8.229,8.438,18.142,4.773,20.028,20.824,23.792,19.712,18.030,8.705,22.206,18.442,22.197,8.456,5.461,8.465,20.116,19.043,5.808,10.991,19.121,11.242,21.860
fold_20250529_s47_fl_syb_fullsn_stx3_sn_074_model_0.cif,9.325,19.614,13.147,12.940,7.073,13.227,8.942,18.450,14.080,11.868,9.208,9.801,5.806,6.820,6.687,8.275,11.560,8.047,19.500,23.326,15.468,9.969,8.168,10.405,14.426,26.682,17.301,15.209,17.007,27.858,9.303,8.594,11.488,11.021,17.325,20.026,17.078,8.007,9.954,10.983,8.160,14.920,18.613,19.031,19.796,25.430,9.509,8.023,5.498,12.067,16.521,13.807,12.663,10.690,10.591,16.019,13.302,11.775,25.678,10.155,18.595,10.357,8.762,9.227,7.956,15.475,14.099,9.084,9.269,13.714,14.618,7.847,13.312,,17.433,21.861,18.675,8.893,10.402,17.959,11.959,18.270,16.770,26.132,17.061,17.406,8.783,18.465,16.222,19.269,12.587,12.243,9.512,17.434,16.598,9.947,8.500,17.649,8.739,17.138
fold_20250529_s47_fl_syb_fullsn_stx3_sn_075_model_0.cif,16.932,18.888,19.695,14.191,17.382,14.499,14.608,13.185,12.805,12.229,17.898,15.992,15.600,14.675,15.838,17.917,15.068,19.610,21.927,28.946,15.293,14.221,14.958,14.393,15.994,26.080,14.588,18.198,9.761,25.213,15.180,15.565,14.182,14.879,19.916,17.606,15.547,15.484,15.683,15.875,16.449,20.435,18.669,23.556,18.694,17.631,17.089,15.610,17.084,19.026,18.224,11.022,16.445,14.714,13.879,19.943,14.919,15.220,24.578,15.671,18.084,18.826,14.201,14.620,16.375,15.078,9.459,17.259,14.633,13.007,15.080,15.908,14.539,17.433,,21.319,21.940,15.767,15.006,9.828,14.515,16.632,15.678,20.824,17.211,14.257,15.524,16.891,15.892,22.411,15.292,14.457,14.641,17.354,13.548,14.778,16.531,11.226,16.540,15.690
fold_20250529_s47_fl_syb_fullsn_stx3_sn_076_model_0.cif,22.269,24.452,19.431,21.829,22.671,21.868,21.098,18.478,17.405,21.150,22.864,22.149,21.325,21.536,22.149,22.727,20.332,23.370,16.597,19.604,13.081,21.545,22.111,20.704,21.846,19.398,19.535,14.534,17.699,30.477,21.559,21.439,21.919,21.607,14.624,14.014,19.738,21.996,22.041,22.294,22.355,16.013,15.676,13.018,14.808,24.199,22.675,22.079,22.403,23.704,21.086,20.908,22.315,21.747,21.990,20.731,21.646,21.586,21.573,22.391,19.329,23.926,22.184,21.154,22.039,20.797,17.603,23.764,21.901,20.579,22.082,22.201,22.243,21.861,21.319,,11.830,22.082,21.552,20.320,22.128,23.249,20.476,20.795,12.653,15.261,21.772,15.403,13.374,17.838,21.661,22.952,21.547,13.065,19.568,22.250,21.234,18.359,22.568,19.308
fold_20250529_s47_fl_syb_fullsn_stx3_sn_077_model_0.cif,20.863,26.740,16.754,21.752,19.483,22.718,19.674,16.096,16.247,17.944,20.984,21.977,19.128,19.646,19.819,21.549,18.723,20.870,11.437,19.291,12.168,20.236,20.220,19.461,20.775,18.901,18.844,12.410,17.480,34.831,20.264,20.456,21.839,21.102,8.244,11.386,15.749,20.915,21.641,20.959,18.996,9.299,11.078,9.550,12.875,24.406,21.433,19.451,19.405,22.804,19.131,21.218,22.552,21.550,21.005,19.774,22.444,22.048,21.995,21.864,18.685,21.058,20.382,20.123,19.853,18.901,17.594,21.252,20.048,17.623,23.315,20.024,22.256,18.675,21.940,11.830,,20.737,20.675,21.153,21.584,22.245,20.996,23.243,10.416,16.674,20.437,14.298,10.123,14.053,21.584,23.005,20.944,9.971,15.930,20.999,19.209,16.600,21.485,14.004
fold_20250529_s47_fl_syb_fullsn_stx3_sn_078_model_0.cif,5.225,15.243,16.598,6.421,5.502,7.227,7.296,19.255,14.694,13.410,6.114,6.181,6.337,5.292,4.387,8.392,12.972,8.617,21.402,23.611,16.075,4.699,3.760,9.721,16.862,25.782,18.984,15.548,17.138,25.648,4.054,5.893,5.369,4.081,19.458,21.536,19.532,4.927,5.402,5.974,6.121,18.876,20.068,21.043,21.311,24.854,5.449,5.140,5.718,9.057,17.801,11.578,8.035,5.193,7.003,18.353,7.172,6.748,25.485,4.789,20.553,11.843,5.242,7.302,4.311,17.032,14.285,9.005,5.245,15.984,11.402,4.458,8.229,8.893,15.767,22.082,20.737,,4.382,17.979,6.022,18.403,17.352,25.574,18.571,17.264,4.005,19.738,17.538,19.986,6.388,7.918,6.214,19.153,18.771,5.640,7.436,18.919,5.112,19.973
fold_20250529_s47_fl_syb_fullsn_stx3_sn_079_model_0.cif,5.117,12.944,16.203,5.794,7.422,6.623,7.610,18.942,14.256,13.433,6.161,5.885,7.052,6.703,5.958,8.276,12.527,9.203,21.881,24.249,15.286,3.812,5.053,9.103,16.138,25.847,19.466,15.700,16.406,24.889,3.052,6.141,4.749,3.319,19.213,20.917,19.604,5.071,5.132,4.018,7.634,19.062,20.097,20.825,20.545,23.808,5.576,5.803,7.462,8.543,18.008,11.216,7.034,4.267,7.814,17.500,5.998,6.001,24.869,4.291,19.834,12.327,6.606,8.082,4.716,16.733,13.446,11.490,6.107,15.702,10.972,5.616,8.438,10.402,15.006,21.552,20.675,4.382,,17.683,6.304,19.207,15.994,24.409,18.107,16.035,4.717,18.986,16.872,20.767,4.412,8.392,6.297,18.966,19.059,7.343,7.741,18.685,5.829,19.948
fold_20250529_s47_fl_syb_fullsn_stx3_sn_080_model_0.cif,18.713,21.440,17.422,17.764,19.088,17.672,16.195,12.921,12.781,14.188,19.326,17.927,17.219,16.464,17.981,18.916,14.673,20.232,19.764,28.200,14.702,17.384,17.199,16.485,15.027,28.007,13.423,17.996,10.462,27.582,17.671,17.642,17.479,18.054,18.820,16.181,14.308,17.652,18.115,18.465,18.332,18.828,16.756,21.715,16.764,20.078,18.894,18.019,18.316,20.577,16.132,10.867,19.103,17.057,17.176,17.816,17.642,17.780,26.376,18.187,15.747,19.233,17.257,17.138,18.043,13.819,11.402,19.148,16.954,12.771,18.366,18.218,18.142,17.959,9.828,20.320,21.153,17.979,17.683,,18.107,13.572,14.453,23.135,15.839,13.551,17.731,15.184,15.431,21.277,18.211,17.865,17.061,15.939,13.621,17.498,17.846,11.379,18.466,14.792
fold_20250529_s47_fl_syb_fullsn_stx3_sn_081_model_0.cif,9.504,14.693,19.546,4.467,9.753,5.098,6.869,19.785,14.501,13.792,10.847,8.846,8.167,7.245,8.047,11.800,15.450,13.342,23.034,24.716,16.324,4.851,6.736,8.541,19.434,24.651,19.754,15.810,17.369,23.033,6.345,7.067,5.381,5.143,20.464,22.042,20.732,8.134,7.368,8.479,8.234,20.959,21.254,23.090,22.429,23.502,9.091,7.377,9.522,13.084,20.206,11.984,8.427,6.551,4.506,21.319,6.248,6.507,25.483,7.222,22.874,14.401,5.113,5.915,8.223,19.536,13.554,10.536,6.511,17.978,8.139,6.853,4.773,11.959,14.515,22.128,21.584,6.022,6.304,18.107,,19.666,19.178,24.210,19.222,17.387,6.271,20.850,17.817,21.403,6.240,7.122,6.244,19.880,18.990,4.920,8.417,18.712,9.157,21.169
fold_20250529_s47_fl_syb_fullsn_stx3_sn_082_model_0.cif,19.224,25.395,19.940,19.705,17.867,20.233,18.365,17.209,17.339,16.581,19.139,19.919,18.618,17.852,18.176,20.154,16.359,19.927,20.362,26.517,19.425,18.768,17.660,18.888,18.053,28.765,17.377,19.599,16.257,32.548,18.640,19.281,19.414,19.519,20.177,20.179,15.949,19.018,19.619,19.299,17.503,20.108,18.753,22.847,20.592,25.729,18.986,18.009,17.636,20.928,13.685,15.082,21.231,18.988,19.336,21.270,20.061,20.222,28.718,19.331,19.654,19.601,18.146,19.172,18.059,16.293,17.572,18.605,17.629,15.779,21.564,18.571,20.028,18.270,16.632,23.249,22.245,18.403,19.207,13.572,19.666,,20.231,29.192,20.373,20.134,18.157,19.220,19.663,19.566,19.672,19.635,19.394,19.233,15.376,18.445,19.094,16.435,18.984,16.286
fold_20250529_s47_fl_syb_fullsn_stx3_sn_083_model_0.cif,15.168,17.830,10.132,18.801,17.571,18.124,16.610,14.397,13.345,15.695,16.128,15.128,16.188,17.388,17.651,14.433,10.192,15.381,19.386,26.499,12.339,16.897,17.729,18.072,7.602,29.758,18.826,18.321,12.741,30.382,16.443,15.625,17.925,17.122,16.893,15.989,15.793,15.612,15.808,15.865,18.738,17.777,17.890,17.940,13.450,23.829,16.318,17.595,17.458,16.143,14.024,12.721,16.868,16.931,19.259,8.661,17.075,17.453,25.679,16.323,9.363,19.365,18.961,18.404,15.935,9.931,11.650,21.810,18.397,11.046,19.796,17.383,20.824,16.770,15.678,20.476,20.996,17.352,15.994,14.453,19.178,20.231,,24.297,15.036,10.504,16.825,11.843,14.373,20.580,17.024,20.555,16.238,16.504,18.837,19.569,16.337,16.107,16.373,16.810
fold_20250529_s47_fl_syb_fullsn_stx3_sn_084_model_0.cif,25.798,21.738,27.165,23.738,27.611,23.504,23.585,23.466,24.980,25.492,26.810,24.082,24.757,24.478,25.956,25.763,26.109,27.259,26.335,24.451,22.885,24.024,25.377,23.676,25.617,19.090,26.215,27.392,22.121,23.182,24.937,24.583,23.984,24.335,24.921,23.443,25.670,24.822,24.730,25.290,26.753,25.391,25.021,26.325,21.762,13.347,26.297,25.909,26.839,26.926,28.077,24.771,24.332,24.246,23.565,26.601,23.239,23.360,17.000,25.236,24.845,26.076,24.816,23.652,25.911,25.275,22.802,26.507,25.006,24.660,22.275,25.498,23.792,26.132,20.824,20.795,23.243,25.574,24.409,23.135,24.210,29.192,24.297,,23.692,23.098,25.440,24.312,23.507,28.333,24.615,24.083,23.316,22.878,26.235,25.201,25.312,23.102,25.683,25.832
fold_20250529_s47_fl_syb_fullsn_stx3_sn_085_model_0.cif,18.404,23.076,12.502,18.965,18.352,19.138,17.137,12.289,9.906,14.757,18.978,18.787,17.031,17.410,17.977,18.659,13.287,19.307,12.197,21.971,5.142,17.869,17.989,16.753,15.456,24.204,14.394,10.888,11.572,31.659,17.798,17.677,18.742,18.471,7.590,6.542,12.916,17.912,18.369,18.507,18.148,10.203,9.752,10.845,10.037,25.282,18.769,17.823,17.973,20.108,16.396,15.448,19.586,18.376,18.654,14.828,18.966,18.958,24.948,18.626,13.324,19.871,18.251,17.762,17.971,14.378,11.359,20.047,17.891,13.236,19.905,18.247,19.712,17.061,17.211,12.653,10.416,18.571,18.107,15.839,19.222,20.373,15.036,23.692,,8.200,17.879,8.181,5.074,13.818,18.568,19.983,18.061,6.670,13.140,18.741,17.426,12.124,18.622,11.962
fold_20250529_s47_fl_syb_fullsn_stx3_sn_086_model_0.cif,16.643,18.155,12.199,16.811,18.497,16.244,15.572,12.771,7.818,14.112,17.844,16.137,16.083,16.637,17.577,16.595,11.053,18.344,16.868,24.938,6.278,16.163,17.201,15.586,13.168,27.009,14.924,12.813,9.940,28.061,16.319,15.603,16.605,16.329,12.724,10.891,14.822,16.176,15.851,16.650,18.470,15.249,14.153,15.230,12.646,23.919,17.322,17.440,18.064,18.217,16.424,12.104,16.642,16.122,17.147,12.654,15.741,16.260,26.255,16.386,12.077,19.913,17.563,16.390,16.918,13.554,8.043,20.400,17.207,12.950,16.830,17.329,18.030,17.406,14.257,15.261,16.674,17.264,16.035,13.551,17.387,20.134,10.504,23.098,8.200,,16.404,8.758,8.845,17.378,16.043,18.372,15.720,11.219,15.141,17.834,16.211,12.415,17.076,15.084
fold_20250529_s47_fl_syb_fullsn_stx3_sn_087_model_0.cif,6.070,14.871,15.874,6.902,6.041,6.817,7.016,18.546,14.097,13.169,6.924,6.144,5.895,5.389,4.892,8.056,12.019,8.868,21.094,23.552,15.293,4.237,4.656,9.355,16.186,25.771,19.375,15.183,16.112,26.268,3.717,5.896,5.429,4.437,18.636,20.874,18.617,4.743,4.640,6.261,6.206,18.549,19.505,20.636,20.711,24.639,5.696,4.576,6.218,9.572,16.754,11.213,7.407,4.670,7.125,18.049,6.632,6.143,25.500,4.106,20.063,11.769,5.749,7.088,4.110,16.329,13.632,9.976,5.314,15.580,10.721,3.789,8.705,8.783,15.524,21.772,20.437,4.005,4.717,17.731,6.271,18.157,16.825,25.440,17.879,16.404,,18.949,16.936,19.316,4.990,8.414,6.087,18.635,18.564,6.462,7.358,18.060,5.406,19.428
fold_20250529_s47_fl_syb_fullsn_stx3_sn_088_model_0.cif,18.667,22.759,11.057,20.797,19.275,20.625,18.565,9.225,11.038,15.436,19.282,19.078,18.431,19.278,19.511,18.452,11.858,19.123,11.527,21.963,8.374,19.110,19.555,19.513,11.871,25.523,16.044,13.891,9.716,33.978,18.923,18.450,20.270,19.705,8.719,6.890,9.912,18.684,18.873,18.766,19.803,13.472,10.247,11.926,9.487,23.963,19.055,19.228,19.296,19.803,14.036,14.795,19.813,19.671,20.699,11.828,19.895,20.176,24.304,19.287,7.879,21.856,20.185,19.870,18.583,9.822,11.645,22.622,19.969,10.184,21.403,19.560,22.206,18.465,16.891,15.403,14.298,19.738,18.986,15.184,20.850,19.220,11.843,24.312,8.181,8.758,18.949,,8.759,14.845,19.478,22.230,19.043,8.934,13.274,20.809,18.469,11.223,19.256,10.473
fold_20250529_s47_fl_syb_fullsn_stx3_sn_089_model_0.cif,17.587,22.068,12.613,17.744,17.205,18.356,15.673,10.983,8.549,12.561,18.204,18.259,15.805,16.289,17.030,18.246,12.928,18.564,11.837,23.013,4.812,16.390,16.882,15.073,15.350,23.687,14.385,9.498,11.203,31.203,16.554,16.536,17.974,17.311,7.383,7.410,12.140,17.406,17.836,17.263,16.547,10.250,9.020,11.919,9.909,24.715,18.217,16.294,16.838,19.954,15.489,14.991,18.967,17.771,17.264,15.207,18.229,18.379,25.318,18.063,14.103,18.767,17.041,16.405,16.639,14.162,9.450,19.047,16.661,12.301,19.113,16.886,18.442,16.222,15.892,13.374,10.123,17.538,16.872,15.431,17.817,19.663,14.373,23.507,5.074,8.845,16.936,8.759,,14.119,17.544,19.382,16.931,6.658,12.061,17.556,15.805,11.292,18.313,10.631
fold_20250529_s47_fl_syb_fullsn_stx3_sn_090_model_0.cif,20.423,26.306,17.452,21.798,18.708,22.102,20.211,15.285,16.495,18.937,20.519,21.061,19.866,19.660,19.558,21.413,17.354,20.241,11.431,18.875,14.652,19.908,20.054,21.164,20.299,22.463,19.842,13.314,16.561,36.199,19.964,20.325,21.534,20.646,12.303,15.100,14.917,20.588,20.954,20.762,18.744,15.032,11.666,14.597,15.879,29.532,20.591,19.199,19.173,22.383,14.460,19.871,22.490,21.310,21.304,19.955,21.813,21.821,25.659,20.905,18.911,21.356,20.402,20.625,19.011,17.180,18.318,20.974,19.842,17.321,23.461,19.477,22.197,19.269,22.411,17.838,14.053,19.986,20.767,21.277,21.403,19.566,20.580,28.333,13.818,17.378,19.316,14.845,14.119,,21.032,22.941,20.860,12.951,17.554,20.689,20.169,16.608,20.763,15.548
fold_20250529_s47_fl_syb_fullsn_stx3_sn_091_model_0.cif,7.414,12.220,17.553,5.510,9.600,5.279,8.763,19.599,14.873,14.776,8.562,7.187,9.012,8.537,8.214,9.935,13.378,11.469,22.847,24.656,15.628,5.239,7.100,10.244,17.400,25.950,20.741,16.211,16.569,24.673,4.742,7.740,4.966,4.192,19.864,21.418,20.484,6.905,5.645,5.927,9.471,20.530,20.836,21.605,21.258,24.064,6.988,7.585,9.925,9.882,18.513,11.389,6.333,4.364,8.464,18.924,4.309,5.312,25.306,4.798,20.845,14.065,8.102,8.930,6.950,17.706,13.998,13.071,7.351,17.200,10.075,7.230,8.456,12.587,15.292,21.661,21.584,6.388,4.412,18.211,6.240,19.672,17.024,24.615,18.568,16.043,4.990,19.478,17.544,21.032,,8.759,7.424,19.709,20.242,8.400,9.267,19.196,7.258,21.182
fold_20250529_s47_fl_syb_fullsn_stx3_sn_092_model_0.cif,11.015,16.424,20.367,6.639,11.145,7.129,10.168,21.359,15.779,14.127,11.531,9.326,9.993,7.660,8.111,12.799,15.970,14.372,24.275,25.553,17.994,8.005,7.173,9.067,20.081,25.379,17.482,17.295,17.768,20.565,8.361,9.982,5.182,7.352,22.293,23.050,21.780,8.425,8.856,10.620,10.241,21.283,22.284,24.344,24.130,23.168,10.581,9.198,10.488,13.403,21.328,13.250,10.721,6.422,6.800,21.786,8.485,7.621,25.751,8.007,23.447,13.510,6.277,7.949,10.383,20.381,15.029,9.122,7.195,18.656,9.627,9.113,5.461,12.243,14.457,22.952,23.005,7.918,8.392,17.865,7.122,19.635,20.555,24.083,19.983,18.372,8.414,22.230,19.382,22.941,8.759,,8.725,20.691,18.938,6.123,11.778,19.393,9.190,21.760
fold_20250529_s47_fl_syb_fullsn_stx3_sn_093_model_0.cif,8.124,14.040,16.616,7.608,9.331,6.382,4.842,18.321,13.304,13.061,9.930,6.253,5.182,5.881,7.677,8.106,13.607,11.053,21.874,24.128,15.147,5.521,7.046,8.920,16.603,25.530,19.102,15.680,16.251,24.530,6.108,3.634,6.782,6.235,19.449,20.984,19.001,6.357,4.905,8.317,9.003,19.741,20.190,21.799,21.140,22.444,8.343,7.746,8.763,11.796,18.842,10.901,6.850,6.463,5.767,18.480,6.565,6.412,24.758,6.486,20.197,14.041,6.354,4.739,7.059,17.295,12.230,11.390,7.855,15.848,7.151,6.141,8.465,9.512,14.641,21.547,20.944,6.214,6.297,17.061,6.244,19.394,16.238,23.316,18.061,15.720,6.087,19.043,16.931,20.860,7.424,8.725,,18.769,18.693,6.219,5.737,17.663,8.062,20.075
fold_20250529_s47_fl_syb_fullsn_stx3_sn_094_model_0.cif,19.372,23.805,13.797,19.752,18.642,20.347,17.663,10.572,11.146,15.479,19.770,19.732,17.570,17.645,18.326,19.876,14.701,19.736,8.946,20.325,8.654,18.230,18.558,17.370,16.782,22.448,13.221,11.269,11.109,31.882,18.550,18.696,19.646,19.173,7.438,7.018,10.804,18.995,19.617,19.346,17.953,10.188,6.222,12.178,10.436,24.385,19.961,17.963,18.235,21.487,14.852,17.227,20.900,19.422,18.927,16.188,20.121,19.968,23.895,19.812,14.025,19.226,18.609,18.214,18.329,14.533,12.430,19.688,18.110,13.192,20.960,18.428,20.116,17.434,17.354,13.065,9.971,19.153,18.966,15.939,19.880,19.233,16.504,22.878,6.670,11.219,18.635,8.934,6.658,12.951,19.709,20.691,18.769,,11.889,19.215,18.021,10.385,19.769,9.940
fold_20250529_s47_fl_syb_fullsn_stx3_sn_095_model_0.cif,19.683,26.336,16.968,19.354,17.873,20.485,17.384,11.065,10.929,10.954,19.861,20.402,17.235,17.029,17.537,20.405,14.830,20.485,14.554,24.857,13.654,18.113,17.396,16.098,16.525,25.421,10.901,14.270,11.486,31.747,18.687,18.458,19.299,19.397,12.964,12.295,9.598,18.632,19.721,19.361,17.031,14.123,12.753,18.312,16.390,23.290,19.794,17.259,17.350,21.982,16.740,15.219,21.690,19.467,17.611,19.094,20.841,20.667,26.149,19.772,16.472,19.496,16.775,17.572,18.523,14.638,11.747,17.520,17.339,11.055,20.460,18.261,19.043,16.598,13.548,19.568,15.930,18.771,19.059,13.621,18.990,15.376,18.837,26.235,13.140,15.141,18.564,13.274,12.061,17.554,20.242,18.938,18.693,11.889,,17.641,18.114,8.518,19.578,7.337
fold_20250529_s47_fl_syb_fullsn_stx3_sn_096_model_0.cif,9.878,17.352,18.906,6.351,8.475,6.764,6.261,19.381,14.136,12.708,10.700,9.044,6.919,4.948,6.648,11.567,15.208,12.911,22.027,24.597,16.410,5.938,5.239,8.016,19.172,25.273,18.082,15.329,17.352,23.903,6.656,6.849,6.243,6.622,20.139,21.833,19.712,7.990,7.869,9.575,6.803,19.883,20.287,22.857,22.478,24.207,9.292,6.654,7.834,13.591,19.546,12.086,10.014,7.046,4.211,21.220,8.363,8.048,26.244,7.851,22.702,13.133,3.480,4.792,7.797,19.024,13.694,8.266,5.716,17.216,9.104,6.240,5.808,9.947,14.778,22.250,20.999,5.640,7.343,17.498,4.920,18.445,19.569,25.201,18.741,17.834,6.462,20.809,17.556,20.689,8.400,6.123,6.219,19.215,17.641,,7.758,18.120,9.027,20.031
fold_20250529_s47_fl_syb_fullsn_stx3_sn_097_model_0.cif,8.610,16.653,15.328,9.820,8.303,9.626,4.565,18.117,13.205,12.752,9.851,9.136,4.597,6.692,8.186,8.556,13.524,10.421,20.705,24.398,14.565,6.934,7.754,9.210,16.260,26.203,19.725,14.729,17.225,27.900,7.007,4.774,9.595,8.443,17.658,20.268,18.300,8.305,7.536,8.585,7.786,18.348,19.131,20.254,20.150,24.422,9.073,7.450,7.721,12.313,18.201,12.135,8.854,8.972,7.858,17.993,9.641,9.508,26.085,8.948,19.955,13.957,7.639,6.229,6.834,17.063,12.733,11.844,8.704,15.324,10.471,6.664,10.991,8.500,16.531,21.234,19.209,7.436,7.741,17.846,8.417,19.094,16.337,25.312,17.426,16.211,7.358,18.469,15.805,20.169,9.267,11.778,5.737,18.021,18.114,7.758,,17.948,9.564,19.032
fold_20250529_s47_fl_syb_fullsn_stx3_sn_098_model_0.cif,19.668,22.986,16.782,18.936,18.912,19.205,16.599,6.196,10.455,12.916,20.366,19.322,17.168,16.959,18.165,19.803,14.647,20.645,14.504,25.580,12.258,17.405,18.018,16.885,15.636,25.873,12.363,14.513,6.227,30.864,18.353,18.111,18.795,18.804,13.357,11.270,7.633,18.460,18.919,19.156,17.850,15.514,11.299,18.671,14.743,20.902,19.832,17.690,18.430,21.900,15.538,14.231,20.185,18.757,17.347,18.359,19.234,19.269,26.131,19.230,14.688,19.745,17.382,17.305,18.358,12.838,9.781,19.036,17.532,10.459,19.009,17.945,19.121,17.649,11.226,18.359,16.600,18.919,18.685,11.379,18.712,16.435,16.107,23.102,12.124,12.415,18.060,11.223,11.292,16.608,19.196,19.393,17.663,10.385,8.518,18.120,17.948,,19.513,8.826
fold_20250529_s47_fl_syb_fullsn_stx3_sn_099_model_0.cif,4.162,14.895,15.269,9.099,6.585,8.923,9.622,19.835,15.643,14.352,4.576,5.078,7.827,7.585,5.619,5.970,11.494,7.031,22.037,23.619,16.412,7.335,5.898,11.798,14.943,27.270,19.320,16.968,16.977,26.598,5.683,7.510,6.678,6.466,19.749,21.506,19.649,3.680,5.027,6.092,8.911,18.675,20.902,20.411,21.285,25.028,3.939,7.537,6.757,5.576,17.820,11.579,7.532,5.487,10.190,16.350,8.105,7.147,25.171,4.006,18.947,12.222,8.110,9.989,5.786,15.697,15.044,10.764,7.930,15.258,12.843,6.976,11.242,8.739,16.540,22.568,21.485,5.112,5.829,18.466,9.157,18.984,16.373,25.683,18.622,17.076,5.406,19.256,18.313,20.763,7.258,9.190,8.062,19.769,19.578,9.027,9.564,19.513,,20.233
fold_20250529_s47_fl_syb_fullsn_stx3_sn_100_model_0.cif,19.874,26.580,14.231,21.351,18.182,22.324,18.764,8.426,12.523,12.548,19.858,20.918,18.224,18.388,18.552,20.299,13.876,19.671,10.822,23.408,12.928,19.247,18.753,18.432,14.425,25.170,13.738,15.003,10.682,34.526,19.455,19.678,21.025,20.654,10.257,9.840,5.716,19.563,20.682,19.790,17.827,11.420,9.397,15.377,12.612,23.509,20.254,18.019,17.948,21.858,13.654,16.704,22.536,20.766,20.120,16.673,22.175,22.003,24.892,20.672,13.160,19.419,19.004,19.721,18.607,11.376,13.138,19.940,18.817,8.812,23.166,18.991,21.860,17.138,15.690,19.308,14.004,19.973,19.948,14.792,21.169,16.286,16.810,25.832,11.962,15.084,19.428,10.473,10.631,15.548,21.182,21.760,20.075,9.940,7.337,20.031,19.032,8.826,20.233,
