model,fold_10_2025_05_19_09_56_model_0.cif,fold_11_2025_05_19_09_56_model_0.cif,fold_12025_05_19_09_56_model_0.cif,fold_12_2025_05_19_09_57_model_0.cif,fold_13_2025_05_19_09_57_model_0.cif,fold_14_2025_05_19_09_57_model_0.cif,fold_15_2025_05_19_09_57_model_0.cif,fold_16_2025_05_19_09_57_model_0.cif,fold_17_2025_05_19_09_57_model_0.cif,fold_2025_03_28_13_31_rt_stx3_s47_1_model_0.cif,fold_2025_03_28_13_34_rt_stx3_s47_2_model_0.cif,fold_2025_03_28_13_39_rt_stx3_s47_3_model_0.cif,fold_2025_03_28_13_40_rt_stx3_s47_4_model_0.cif,fold_2025_03_28_13_48_rt_stx3_s47_5_model_0.cif,fold_2025_03_28_13_48_rt_stx3_s47_6_model_0.cif,fold_2025_03_28_13_48_rt_stx3_s47_7_model_0.cif,fold_2025_03_28_13_51_rt_stx3_s47_8_model_0.cif,fold_2025_03_28_13_53_rt_stx3_s47_10_model_0.cif,fold_2025_03_28_13_53_rt_stx3_s47_11_model_0.cif,fold_2025_03_28_13_53_rt_stx3_s47_9_model_0.cif,fold_2025_03_28_13_56_rt_stx3_s47_12_model_0.cif,fold_2025_03_28_13_56_rt_stx3_s47_13_model_0.cif,fold_2025_03_28_13_56_rt_stx3_s47_14_model_0.cif,fold_2025_03_28_14_00_rt_stx3_s47_15_model_0.cif,fold_2025_03_28_14_00_rt_stx3_s47_16_model_0.cif,fold_2025_03_28_14_00_rt_stx3_s47_17_model_0.cif,fold_2025_03_28_14_03_rt_stx3_s47_18_model_0.cif,fold_2025_03_28_14_03_rt_stx3_s47_19_model_0.cif,fold_2025_03_28_14_03_rt_stx3_s47_20_model_0.cif,fold_2025_03_28_14_07_rt_stx3_s47_21_model_0.cif,fold_2025_03_28_14_07_rt_stx3_s47_22_model_0.cif,fold_2025_03_28_14_09_rt_stx3_s47_23_model_0.cif,fold_2025_03_28_14_09_rt_stx3_s47_24_model_0.cif,fold_2025_03_28_14_09_rt_stx3_s47_25_model_0.cif,fold_2025_04_11_14_20_rt_stx3_s47_26_model_0.cif,fold_2025_04_11_14_21_rt_stx3_s47_27_model_0.cif,fold_2025_04_11_14_21_rt_stx3_s47_28_model_0.cif,fold_2025_04_11_14_22_rt_stx3_s47_29_model_0.cif,fold_2025_04_11_14_22_rt_stx3_s47_30_model_0.cif,fold_2025_04_11_14_26_rt_stx3_s47_31_model_0.cif,fold_2025_04_11_14_26_rt_stx3_s47_32_model_0.cif,fold_2025_04_11_14_26_rt_stx3_s47_33_model_0.cif,fold_2025_04_11_14_26_rt_stx3_s47_34_model_0.cif,fold_2025_04_11_14_26_rt_stx3_s47_35_model_0.cif,fold_2025_04_11_14_29_rt_stx3_s47_36_model_0.cif,fold_2025_04_11_14_29_rt_stx3_s47_37_model_0.cif,fold_2025_04_11_14_29_rt_stx3_s47_38_model_0.cif,fold_2025_04_11_14_32_rt_stx3_s47_39_model_0.cif,fold_2025_04_11_14_32_rt_stx3_s47_40_model_0.cif,fold_2025_04_11_14_32_rt_stx3_s47_41_model_0.cif,fold_2025_04_11_14_36_rt_stx3_s47_42_model_0.cif,fold_2025_04_11_14_36_rt_stx3_s47_43_model_0.cif,fold_2025_04_11_14_36_rt_stx3_s47_44_model_0.cif,fold_2025_04_11_14_37_rt_stx3_s47_45_model_0.cif,fold_2025_04_11_14_40_rt_stx_s47_46_model_0.cif,fold_2025_04_11_14_40_rt_stx_s47_47_model_0.cif,fold_2025_04_11_14_40_rt_stx_s47_48_model_0.cif,fold_2025_04_11_14_41_rt_stx_s47_49_model_0.cif,fold_2025_04_11_14_42_rt_stx_s47_50_model_0.cif,fold_2025_04_11_14_42_rt_stx_s47_51_model_0.cif,fold_2025_04_11_14_52_rt_stx_s47_52_model_0.cif,fold_2025_04_11_14_52_rt_stx_s47_53_model_0.cif,fold_2025_04_11_14_52_rt_stx_s47_54_model_0.cif,fold_2025_04_11_14_52_rt_stx_s47_55_model_0.cif,fold_2_2025_05_19_09_56_model_0.cif,fold_3_2025_05_19_09_56_model_0.cif,fold_4_2025_05_19_09_56_model_0.cif,fold_5_2025_05_19_09_56_model_0.cif,fold_6_2025_05_19_09_56_model_0.cif,fold_7_2025_05_19_09_56_model_0.cif,fold_8_2025_05_19_09_56_model_0.cif,fold_9_2025_05_19_09_56_model_0.cif,fold_binary_10_model_0.cif,fold_binary_11_model_0.cif,fold_binary_12_model_0.cif,fold_binary_13_model_0.cif,fold_binary_14_model_0.cif,fold_binary_15_model_0.cif,fold_binary_16_model_0.cif,fold_binary_17_model_0.cif,fold_binary_18_model_0.cif,fold_binary_19_model_0.cif,fold_binary_1_model_0.cif,fold_binary_20_model_0.cif,fold_binary_21_model_0.cif,fold_binary_22_model_0.cif,fold_binary_23_model_0.cif,fold_binary_24_model_0.cif,fold_binary_25_model_0.cif,fold_binary_26_model_0.cif,fold_binary_27_model_0.cif,fold_binary_28_model_0.cif,fold_binary_29_model_0.cif,fold_binary_2_model_0.cif,fold_binary_30_model_0.cif,fold_binary_3_model_0.cif,fold_binary_4_model_0.cif,fold_binary_5_model_0.cif,fold_binary_6_model_0.cif,fold_binary_7_model_0.cif,fold_binary_8_model_0.cif,fold_binary_9_model_0.cif
fold_10_2025_05_19_09_56_model_0.cif,,13.773,22.868,11.301,11.897,11.319,11.657,13.916,26.639,22.381,16.039,14.551,10.990,38.433,12.980,6.290,15.513,12.316,23.646,9.204,13.220,14.473,7.567,16.201,14.951,21.907,22.091,13.510,12.500,16.433,10.716,15.227,9.962,13.078,20.870,16.813,11.095,15.024,12.818,14.987,18.219,31.211,14.073,17.683,11.831,11.426,14.502,20.350,11.393,8.369,18.120,16.186,15.451,9.998,16.724,17.190,12.059,12.527,12.265,11.545,10.010,12.357,12.965,15.287,13.625,11.231,19.182,14.546,16.866,8.178,8.087,16.194,14.831,14.062,10.347,5.644,12.125,8.081,11.503,16.545,16.170,10.957,9.206,16.818,21.832,15.825,10.720,24.681,11.071,15.821,15.340,14.025,9.876,25.021,6.339,9.087,14.642,14.665,11.282,17.088,22.581,12.324
fold_11_2025_05_19_09_56_model_0.cif,13.773,,24.992,7.818,5.995,10.143,7.752,9.794,24.114,23.978,9.744,4.340,7.281,33.230,6.374,13.018,8.807,10.615,16.944,8.637,6.590,9.580,10.020,5.667,10.367,23.627,22.319,7.644,9.692,9.377,8.742,8.210,9.133,6.798,25.735,6.706,6.103,5.252,6.823,8.553,22.951,27.552,12.293,13.458,10.516,7.001,9.422,22.808,6.162,8.594,11.548,9.536,9.009,10.669,12.802,10.730,8.205,4.488,8.270,9.580,12.896,9.224,6.776,6.969,8.508,8.238,8.816,6.106,12.102,15.099,12.016,9.736,9.763,8.671,9.169,11.372,8.035,9.719,7.714,9.255,9.301,9.537,8.818,11.929,22.315,8.005,7.995,23.384,11.579,11.621,11.024,9.186,9.032,24.598,12.188,7.198,10.211,8.006,7.789,9.636,19.678,6.222
fold_12025_05_19_09_56_model_0.cif,22.868,24.992,,24.015,23.515,19.809,23.107,21.147,11.900,6.922,22.404,24.701,21.868,27.289,23.775,24.154,24.545,20.092,31.683,21.900,24.326,20.336,23.726,23.996,20.669,5.731,9.085,25.304,23.652,22.712,23.937,23.348,21.500,22.633,10.049,23.713,24.670,23.388,23.866,22.859,12.987,27.545,19.566,24.702,21.636,23.715,22.214,9.871,23.870,21.896,23.245,24.239,23.676,20.640,20.893,22.243,22.756,22.573,22.337,20.631,19.439,20.734,24.165,22.761,22.763,22.862,24.252,27.017,20.601,21.002,21.189,23.346,21.477,21.919,20.864,22.162,22.057,24.766,22.611,25.346,25.693,20.775,20.782,25.615,10.201,24.134,24.584,11.744,21.145,25.755,20.988,21.469,22.968,6.838,23.911,22.861,24.255,21.803,23.086,22.568,31.260,23.693
fold_12_2025_05_19_09_57_model_0.cif,11.301,7.818,24.015,,5.061,9.873,6.541,9.347,23.928,23.104,9.989,7.138,8.880,33.405,7.117,11.723,6.865,10.889,15.087,6.673,5.974,10.417,9.464,8.925,11.238,23.033,21.873,5.519,10.548,8.977,9.919,10.354,10.896,8.112,24.797,9.595,10.030,8.155,6.807,8.528,21.445,28.815,12.255,11.986,8.711,7.552,8.664,22.231,5.527,7.906,11.407,6.921,6.683,10.646,12.312,10.501,4.674,6.628,7.464,7.643,11.045,9.950,3.562,10.101,6.161,6.982,11.425,7.850,12.296,14.899,11.991,10.511,8.641,7.622,8.601,10.415,7.553,7.482,6.552,9.231,6.695,10.746,7.682,9.499,21.394,7.865,5.467,23.493,12.867,8.915,11.268,8.536,7.482,24.544,10.856,7.313,9.418,9.080,5.989,9.320,18.702,7.003
fold_13_2025_05_19_09_57_model_0.cif,11.897,5.995,23.515,5.061,,8.114,3.397,8.443,22.618,22.027,8.825,6.648,6.735,33.095,5.170,11.545,5.520,9.559,15.486,5.541,3.617,8.639,8.960,7.675,9.818,22.356,20.494,4.187,9.012,6.878,8.640,8.238,8.423,6.630,24.413,8.121,8.237,6.388,3.966,6.991,21.096,28.002,11.224,11.705,8.022,6.240,6.688,21.216,4.471,6.852,10.647,7.556,7.214,8.275,11.946,8.803,6.439,4.593,4.660,7.538,11.194,7.661,4.761,7.520,5.478,5.633,10.570,7.810,10.871,14.012,11.001,9.119,7.694,6.906,7.922,10.041,6.052,7.423,4.373,8.657,6.106,9.151,5.862,8.839,20.071,6.267,4.367,22.588,11.714,9.076,10.479,8.000,5.731,23.560,10.528,6.101,7.241,7.116,3.661,7.645,20.042,5.712
fold_14_2025_05_19_09_57_model_0.cif,11.319,10.143,19.809,9.873,8.114,,7.274,6.893,21.198,19.366,7.650,9.707,5.838,33.841,6.539,12.970,10.817,4.715,21.258,6.522,8.827,5.688,10.500,9.966,6.824,19.216,18.059,10.687,7.792,9.180,9.726,9.402,6.323,6.884,20.545,10.234,9.510,8.458,7.555,7.698,18.816,26.588,6.017,11.773,7.099,7.538,6.451,18.753,8.235,6.329,10.546,10.627,9.685,5.738,8.744,8.309,8.288,7.165,6.835,5.292,6.110,4.638,9.516,6.929,8.395,5.881,12.967,13.950,7.796,10.786,9.029,8.468,6.596,6.309,5.181,9.656,5.542,10.673,6.960,13.665,11.451,6.208,4.714,14.144,18.493,8.936,9.722,20.768,7.261,14.288,6.730,7.268,8.246,20.685,11.463,7.858,9.886,6.711,8.188,8.881,21.544,7.873
fold_15_2025_05_19_09_57_model_0.cif,11.657,7.752,23.107,6.541,3.397,7.274,,8.558,22.521,21.372,9.284,8.197,6.896,34.188,5.672,11.868,6.321,9.200,16.698,5.161,4.403,8.838,9.169,9.140,10.104,21.950,19.695,5.588,8.774,7.478,9.090,9.004,7.827,7.305,23.593,9.264,9.168,7.561,2.975,7.304,20.168,28.781,11.026,10.649,7.056,6.407,6.037,20.394,5.336,6.906,11.131,8.522,8.594,7.184,12.325,8.808,7.511,5.941,3.630,7.601,10.682,7.144,6.508,7.788,6.066,5.200,12.043,9.586,11.001,13.734,10.812,9.502,7.960,6.948,8.237,10.162,5.895,7.480,4.495,10.095,7.047,9.240,5.022,9.859,19.327,6.826,4.844,22.639,11.510,10.481,10.760,8.567,5.304,23.439,10.485,6.409,5.504,7.618,3.515,8.248,21.047,6.204
fold_16_2025_05_19_09_57_model_0.cif,13.916,9.794,21.147,9.347,8.443,6.893,8.558,,21.061,21.188,5.261,8.826,6.587,31.539,6.170,15.529,9.025,7.680,18.313,7.968,8.398,5.237,13.667,7.558,5.736,20.359,19.722,9.799,8.678,7.006,10.086,8.305,9.378,5.868,23.632,9.178,10.588,8.418,8.340,5.893,21.822,24.455,7.669,11.500,9.938,7.356,6.333,21.564,8.723,8.030,6.683,7.171,7.438,9.222,6.023,5.726,6.995,7.581,7.631,5.687,9.660,7.041,8.140,7.562,7.152,7.456,9.555,13.881,5.675,14.608,11.690,6.468,5.192,5.355,6.598,12.705,6.913,13.156,7.685,13.064,9.734,8.031,8.093,12.351,19.982,6.630,10.246,20.861,8.721,13.278,6.479,5.224,10.184,21.124,14.082,9.737,11.011,4.895,9.393,6.190,19.125,8.981
fold_17_2025_05_19_09_57_model_0.cif,26.639,24.114,11.900,23.928,22.618,21.198,22.521,21.061,,10.036,21.250,24.121,22.145,21.030,23.322,26.654,21.658,21.650,26.934,22.445,23.011,20.309,26.102,22.318,20.305,11.646,9.860,23.518,23.880,20.188,24.157,21.014,22.260,21.943,19.225,22.402,25.100,22.292,22.972,21.319,19.288,25.045,21.437,24.327,23.461,23.764,21.176,14.345,23.662,22.875,20.628,22.176,22.640,22.096,21.038,20.135,23.071,22.210,21.471,21.328,23.310,20.693,23.288,21.829,21.537,23.375,21.557,26.122,19.857,24.460,23.205,21.851,20.959,21.665,22.041,24.701,22.247,26.356,21.870,24.160,23.363,21.437,21.770,23.402,9.595,21.973,23.983,8.716,23.059,24.534,21.439,20.694,23.474,7.739,26.421,23.655,23.241,20.454,22.331,20.357,30.273,23.858
fold_2025_03_28_13_31_rt_stx3_s47_1_model_0.cif,22.381,23.978,6.922,23.104,22.027,19.366,21.372,21.188,10.036,,22.310,24.181,21.090,28.272,23.084,23.020,22.861,20.139,30.101,20.703,22.811,20.343,22.743,23.454,20.930,6.824,4.955,23.641,23.213,21.685,22.969,22.342,20.398,22.111,11.669,23.072,23.822,22.505,22.435,22.082,11.440,29.649,20.318,23.850,20.944,22.790,21.127,6.438,22.707,21.072,23.130,23.607,23.373,19.409,21.869,21.654,22.515,21.639,20.743,20.541,20.153,19.880,23.241,22.029,21.534,22.019,24.058,25.579,21.014,20.956,20.655,22.933,21.235,21.496,20.783,21.427,21.322,23.363,21.259,24.321,24.234,20.366,19.659,24.269,5.344,23.098,22.888,10.488,21.367,24.628,21.602,21.243,21.198,8.494,22.908,21.859,22.322,21.349,21.244,21.840,31.340,22.752
fold_2025_03_28_13_34_rt_stx3_s47_2_model_0.cif,16.039,9.744,22.404,9.989,8.825,7.650,9.284,5.261,21.250,22.310,,8.446,7.631,30.167,5.818,16.954,8.551,7.707,17.436,8.914,8.394,5.107,14.346,6.730,4.695,21.562,20.757,10.027,8.100,7.046,10.783,7.620,10.486,5.603,24.972,8.650,11.340,7.203,8.478,4.200,23.537,23.661,7.461,10.931,10.449,7.898,5.692,22.846,8.583,9.529,4.921,6.373,6.704,11.218,5.563,4.498,7.393,7.772,7.989,5.986,10.596,6.599,8.174,5.975,6.938,7.757,9.137,13.894,4.775,15.566,12.623,4.465,5.242,5.319,7.316,13.732,6.379,13.907,7.677,13.627,8.922,8.513,9.037,12.919,21.178,5.619,10.754,20.966,9.725,13.938,4.930,4.622,11.748,22.024,15.316,10.082,11.529,3.788,10.020,5.039,19.311,8.779
fold_2025_03_28_13_39_rt_stx3_s47_3_model_0.cif,14.551,4.340,24.701,7.138,6.648,9.707,8.197,8.826,24.121,24.181,8.446,,8.151,32.526,5.773,14.783,8.879,9.769,17.074,8.956,6.913,8.824,11.132,5.016,9.896,23.652,22.483,8.267,9.579,9.090,10.391,9.175,10.561,6.877,25.804,6.317,8.410,4.504,6.831,7.740,23.249,27.237,11.261,12.257,9.365,7.203,8.267,23.394,6.437,9.416,10.472,7.955,7.401,11.074,11.339,9.392,6.986,4.635,8.387,8.487,11.872,9.530,5.857,6.754,7.786,7.349,8.360,7.477,10.861,16.210,13.304,8.930,8.214,7.153,9.089,12.778,7.418,10.717,8.134,9.840,8.401,10.439,9.296,12.467,22.654,7.106,8.804,23.718,12.023,12.135,9.512,8.231,9.711,24.522,13.488,8.304,10.029,7.726,8.793,8.490,19.680,5.581
fold_2025_03_28_13_40_rt_stx3_s47_4_model_0.cif,10.990,7.281,21.868,8.880,6.735,5.838,6.896,6.587,22.145,21.090,7.631,8.151,,33.820,5.944,11.467,9.356,6.636,19.382,5.550,6.987,6.011,9.785,7.999,6.821,20.842,19.681,8.623,7.213,8.652,6.945,7.481,5.331,4.508,22.913,9.518,6.801,7.005,7.102,6.596,20.826,27.199,7.784,12.571,8.977,5.389,7.010,20.330,6.042,5.368,10.351,9.744,9.241,6.831,9.934,8.761,7.311,5.159,6.637,6.893,9.232,5.177,8.032,5.796,7.126,6.124,11.333,11.518,8.784,11.305,8.336,7.190,7.883,7.338,5.926,8.749,5.260,9.699,6.152,12.256,10.318,5.700,5.627,12.776,19.900,7.620,8.047,21.136,6.755,12.626,7.747,7.359,7.211,21.988,10.548,6.056,10.112,5.674,7.282,8.643,20.052,6.481
fold_2025_03_28_13_48_rt_stx3_s47_5_model_0.cif,38.433,33.230,27.289,33.405,33.095,33.841,34.188,31.539,21.030,28.272,30.167,32.526,33.820,,33.086,35.873,30.954,33.762,28.586,34.525,33.222,30.927,37.172,30.615,29.824,27.876,29.235,33.102,34.310,29.323,35.519,30.069,35.144,31.981,34.564,30.519,35.742,31.811,33.761,31.390,34.380,20.339,32.538,33.730,35.461,34.729,32.347,31.327,34.249,34.563,28.321,30.185,30.575,35.498,29.447,29.810,32.443,32.556,33.418,32.027,35.284,32.632,32.476,32.124,32.198,34.803,27.499,34.301,29.457,35.890,35.114,31.399,30.988,32.065,32.855,36.492,33.440,36.518,33.183,30.472,31.755,32.643,34.572,30.058,27.995,31.260,34.966,23.997,34.692,30.429,31.161,30.579,35.394,23.461,38.538,35.100,34.805,30.355,33.805,29.389,30.933,34.417
fold_2025_03_28_13_48_rt_stx3_s47_6_model_0.cif,12.980,6.374,23.775,7.117,5.170,6.539,5.672,6.170,23.322,23.084,5.818,5.773,5.944,33.086,,13.806,7.529,7.186,17.214,6.326,5.408,6.561,10.471,6.309,7.358,22.685,21.422,7.458,6.601,7.124,8.556,7.596,8.207,5.005,24.810,7.781,8.021,5.711,4.666,5.053,22.360,26.786,9.043,10.869,7.870,5.313,5.655,22.594,5.455,6.924,8.338,6.922,6.539,8.488,9.115,6.871,6.013,5.093,5.153,5.590,9.720,6.175,5.728,5.646,6.032,4.549,9.794,10.154,8.284,14.028,11.044,6.573,5.634,5.046,6.198,11.262,4.716,9.898,5.075,11.413,7.404,7.901,6.448,11.689,21.559,5.236,7.336,23.062,9.503,12.277,7.431,5.790,8.358,23.834,12.003,6.925,8.487,5.069,6.965,6.696,19.707,5.264
fold_2025_03_28_13_48_rt_stx3_s47_7_model_0.cif,6.290,13.018,24.154,11.723,11.545,12.970,11.868,15.529,26.654,23.020,16.954,14.783,11.467,35.873,13.806,,15.076,14.252,21.447,10.009,12.841,15.182,7.350,16.190,15.587,23.162,22.828,12.664,13.469,16.097,10.361,14.223,10.475,13.192,22.532,16.452,10.678,14.898,13.053,15.662,19.586,29.204,15.463,18.617,13.660,12.520,15.412,20.750,11.448,9.061,19.013,16.864,15.993,11.074,18.182,17.947,13.252,12.271,12.841,13.534,13.116,13.239,13.317,15.326,13.996,12.701,18.653,13.128,17.813,8.283,7.986,17.045,16.317,15.523,11.790,5.065,13.137,7.623,12.075,14.806,15.954,11.311,10.430,15.157,22.168,16.030,10.301,24.689,12.499,13.641,16.766,15.360,9.653,25.684,5.965,9.182,14.917,15.131,10.841,17.330,23.127,12.649
fold_2025_03_28_13_51_rt_stx3_s47_8_model_0.cif,15.513,8.807,24.545,6.865,5.520,10.817,6.321,9.025,21.658,22.861,8.551,8.879,9.356,30.954,7.529,15.076,,12.046,11.809,8.026,5.358,9.956,13.231,8.227,10.458,23.320,21.214,4.052,10.894,5.651,10.637,8.125,11.598,7.878,26.652,9.300,11.690,8.287,6.435,6.535,23.383,26.743,12.789,11.765,10.984,8.571,6.968,22.913,7.069,9.956,8.740,5.383,7.057,11.978,11.937,7.525,7.886,7.772,6.428,9.139,14.189,9.498,5.914,9.046,5.234,8.357,9.847,10.128,10.678,17.275,13.679,8.634,8.424,7.838,10.575,13.514,8.026,11.141,6.304,9.512,4.155,11.460,8.983,6.862,20.509,5.332,6.271,22.078,14.141,8.725,11.419,8.277,9.198,23.796,13.933,9.524,8.643,7.331,6.067,6.367,19.702,8.960
fold_2025_03_28_13_53_rt_stx3_s47_10_model_0.cif,12.316,10.615,20.092,10.889,9.559,4.715,9.200,7.680,21.650,20.139,7.707,9.769,6.636,33.762,7.186,14.252,12.046,,21.954,7.606,9.783,5.844,10.732,9.934,7.321,19.444,18.559,11.994,6.751,10.729,9.700,10.379,7.748,7.453,20.437,11.790,10.187,8.472,9.037,7.494,19.600,27.687,5.231,12.732,7.331,7.690,7.198,19.501,8.292,7.800,10.932,11.099,10.516,7.801,9.352,9.097,8.656,7.950,7.673,6.168,6.181,5.469,10.066,6.928,8.585,6.136,13.578,14.193,8.090,11.504,9.516,7.698,7.366,7.553,6.497,10.705,5.468,11.485,7.757,15.627,12.205,7.419,6.521,15.903,19.527,9.173,10.825,20.565,7.192,16.088,5.106,7.430,10.574,20.906,11.910,8.008,11.658,7.403,10.123,9.805,21.653,7.268
fold_2025_03_28_13_53_rt_stx3_s47_11_model_0.cif,23.646,16.944,31.683,15.087,15.486,21.258,16.698,18.313,26.934,30.101,17.436,17.074,19.382,28.586,17.214,21.447,11.809,21.954,,17.913,15.008,19.379,21.054,16.152,19.313,30.634,28.845,12.993,19.565,14.104,18.244,15.654,21.463,17.068,34.114,17.230,19.947,17.624,16.412,16.156,30.696,25.598,21.883,19.264,20.791,18.460,17.395,30.403,16.404,19.180,16.035,13.511,15.151,22.187,19.705,16.287,16.942,17.319,16.752,18.983,23.744,19.884,14.675,18.600,14.922,18.372,15.061,15.635,18.951,25.067,21.588,17.573,18.176,17.830,20.179,21.587,18.235,18.880,16.625,14.352,12.294,20.628,19.416,9.933,27.387,14.503,14.861,27.479,23.292,11.983,20.346,17.607,18.615,30.333,20.889,18.558,17.633,16.948,16.065,15.075,23.047,18.064
fold_2025_03_28_13_53_rt_stx3_s47_9_model_0.cif,9.204,8.637,21.900,6.673,5.541,6.522,5.161,7.968,22.445,20.703,8.914,8.956,5.550,34.525,6.326,10.009,8.026,7.606,17.913,,5.839,8.118,8.276,9.757,8.982,20.784,19.460,7.099,7.077,9.168,7.407,8.995,7.193,6.132,22.310,11.185,8.791,8.531,6.086,6.847,19.599,29.018,9.122,11.840,7.544,5.878,6.655,19.931,4.840,5.186,11.307,9.045,9.128,6.986,11.401,9.335,6.561,6.442,4.832,6.240,8.827,6.243,7.038,8.207,5.637,4.697,13.162,10.933,10.292,11.028,8.048,8.775,8.383,7.838,6.610,7.576,4.714,7.219,4.433,12.365,8.642,7.589,4.182,11.427,19.363,7.902,5.242,21.488,8.994,11.540,9.444,7.979,6.144,22.647,8.485,5.198,8.926,7.539,5.599,9.385,20.783,6.168
fold_2025_03_28_13_56_rt_stx3_s47_12_model_0.cif,13.220,6.590,24.326,5.974,3.617,8.827,4.403,8.398,23.011,22.811,8.394,6.913,6.987,33.222,5.408,12.841,5.358,9.783,15.008,5.839,,8.481,10.283,7.818,10.006,23.059,20.950,4.528,8.388,6.969,9.023,8.576,9.332,6.433,25.423,8.901,9.222,6.586,4.191,6.132,22.210,28.531,11.078,10.569,8.413,6.009,5.869,22.080,4.100,7.718,10.394,7.180,7.650,9.148,11.976,8.043,6.517,5.295,4.737,8.318,12.140,7.906,5.031,7.042,4.624,5.584,10.947,8.591,10.767,15.216,11.996,8.172,8.089,6.872,9.075,11.220,5.515,8.430,4.716,9.771,5.349,9.980,7.011,9.271,20.822,4.861,5.120,22.896,12.029,9.649,10.269,8.192,6.683,24.274,11.471,6.940,7.103,7.219,5.036,7.174,20.670,5.343
fold_2025_03_28_13_56_rt_stx3_s47_13_model_0.cif,14.473,9.580,20.336,10.417,8.639,5.688,8.838,5.237,20.309,20.343,5.107,8.824,6.011,30.927,6.561,15.182,9.956,5.844,19.379,8.118,8.481,,13.093,7.694,4.351,19.932,18.834,10.531,8.097,7.177,10.578,8.125,8.827,5.266,22.693,8.796,10.726,7.039,8.521,5.842,21.558,24.220,4.958,11.270,9.367,8.256,6.158,20.507,8.428,8.527,8.251,8.972,7.914,8.469,6.241,5.953,7.776,6.674,7.859,6.376,8.915,6.011,9.066,5.105,7.392,7.217,10.064,13.889,4.494,13.522,11.194,6.006,5.687,5.945,6.721,12.128,6.036,12.968,7.960,13.074,10.359,7.500,7.665,13.142,19.433,7.045,10.839,20.137,8.157,13.392,4.584,6.401,10.199,20.246,14.067,9.278,11.121,4.517,9.514,6.165,20.747,8.121
fold_2025_03_28_13_56_rt_stx3_s47_14_model_0.cif,7.567,10.020,23.726,9.464,8.960,10.500,9.169,13.667,26.102,22.743,14.346,11.132,9.785,37.172,10.471,7.350,13.231,10.732,21.054,8.276,10.283,13.093,,13.524,14.018,22.521,21.771,11.015,10.398,14.628,9.037,13.427,8.830,11.464,21.396,13.993,8.537,11.340,9.690,12.957,18.841,32.506,13.132,16.023,9.158,9.224,12.412,20.328,8.172,8.215,17.023,14.482,13.773,9.759,16.554,15.651,10.765,9.505,9.835,10.973,10.327,10.627,10.597,12.134,11.735,9.062,17.020,9.830,16.020,10.006,8.865,14.391,13.557,12.501,10.049,6.156,9.740,4.361,9.149,13.768,13.579,10.481,7.911,14.953,21.722,13.326,8.295,24.379,11.686,14.119,13.785,12.809,8.780,25.353,5.735,5.471,12.193,12.961,8.916,15.066,22.650,8.437
fold_2025_03_28_14_00_rt_stx3_s47_15_model_0.cif,16.201,5.667,23.996,8.925,7.675,9.966,9.140,7.558,22.318,23.454,6.730,5.016,7.999,30.615,6.309,16.190,8.227,9.934,16.152,9.757,7.818,7.694,13.524,,7.916,22.843,21.694,8.539,9.816,7.608,10.043,6.824,10.643,5.911,26.021,5.859,9.016,4.863,8.145,6.426,23.776,24.570,10.909,12.362,11.324,7.873,8.046,23.223,7.612,9.929,7.644,7.016,7.321,11.982,9.767,7.947,7.855,5.769,8.770,8.482,12.721,8.707,7.083,6.115,7.496,8.789,5.996,9.785,9.062,16.662,13.218,6.828,7.201,7.126,8.983,13.893,7.980,13.005,8.260,10.763,8.801,9.629,9.770,12.036,21.834,6.136,10.136,21.732,11.334,12.627,8.491,6.897,11.343,23.103,15.036,9.559,11.251,5.703,9.361,6.981,17.620,7.653
fold_2025_03_28_14_00_rt_stx3_s47_16_model_0.cif,14.951,10.367,20.669,11.238,9.818,6.824,10.104,5.736,20.305,20.930,4.695,9.896,6.821,29.824,7.358,15.587,10.458,7.321,19.313,8.982,10.006,4.351,14.018,7.916,,20.018,19.766,11.338,8.348,8.066,10.402,7.096,9.158,5.445,23.338,9.372,10.859,8.307,9.641,6.279,22.397,22.199,6.255,12.231,11.169,9.078,7.545,21.378,9.673,8.964,6.660,8.904,8.508,10.205,5.457,6.789,8.455,8.108,9.211,6.137,9.573,5.948,9.956,6.557,8.722,8.860,9.755,14.980,4.587,13.171,10.762,6.141,6.403,7.179,6.219,12.372,7.419,14.186,8.736,13.970,11.454,6.641,8.700,13.859,20.154,8.064,11.894,19.695,7.564,14.342,5.003,5.907,11.820,20.261,14.837,10.078,12.695,4.186,10.542,7.336,19.163,9.841
fold_2025_03_28_14_00_rt_stx3_s47_17_model_0.cif,21.907,23.627,5.731,23.033,22.356,19.216,21.950,20.359,11.646,6.824,21.562,23.652,20.842,27.876,22.685,23.162,23.320,19.444,30.634,20.784,23.059,19.932,22.521,22.843,20.018,,7.783,24.012,22.138,22.188,22.184,21.993,20.032,21.638,10.220,23.008,23.056,22.357,22.625,21.810,11.602,27.837,19.678,24.252,20.867,22.113,21.185,8.515,22.636,20.657,22.174,23.246,23.362,19.879,20.877,21.613,22.073,21.589,20.974,19.793,19.317,19.496,23.062,21.885,21.794,21.964,23.543,25.644,20.453,20.187,19.912,22.431,20.945,21.176,19.883,21.094,21.049,23.671,21.170,25.296,24.728,19.409,19.738,25.323,9.124,23.042,23.248,9.607,20.032,25.769,20.673,20.266,22.165,7.555,22.607,21.506,23.338,20.915,21.904,22.062,30.065,22.600
fold_2025_03_28_14_03_rt_stx3_s47_18_model_0.cif,22.091,22.319,9.085,21.873,20.494,18.059,19.695,19.722,9.860,4.955,20.757,22.483,19.681,29.235,21.422,22.828,21.214,18.559,28.845,19.460,20.950,18.834,21.771,21.694,19.766,7.783,,22.074,21.495,20.187,21.613,20.943,18.953,20.603,12.565,21.565,22.414,20.677,20.558,20.264,11.575,29.761,19.196,21.825,19.290,20.953,19.214,6.687,21.001,19.933,21.564,22.073,22.206,18.133,20.903,19.913,21.255,20.103,18.900,19.389,19.387,18.315,21.725,20.103,19.889,20.317,22.671,23.961,19.771,20.930,20.042,21.105,19.683,19.745,19.854,20.987,19.610,22.214,19.601,23.360,22.535,19.324,18.278,23.314,4.661,21.115,21.474,10.599,20.287,23.915,20.131,19.782,19.997,9.463,22.112,20.492,20.239,19.810,19.774,20.210,30.463,20.868
fold_2025_03_28_14_03_rt_stx3_s47_19_model_0.cif,13.510,7.644,25.304,5.519,4.187,10.687,5.588,9.799,23.518,23.641,10.027,8.267,8.623,33.102,7.458,12.664,4.052,11.994,12.993,7.099,4.528,10.531,11.015,8.539,11.338,24.012,22.074,,10.535,7.295,9.233,8.734,10.653,7.935,26.478,9.654,10.013,8.072,6.039,7.914,22.930,28.475,13.023,12.401,10.236,7.649,7.896,22.982,5.660,8.709,10.939,7.194,8.064,11.039,13.324,9.671,7.666,6.859,6.561,9.597,13.608,9.630,5.466,9.269,5.711,7.860,11.086,8.304,12.177,15.969,12.518,9.642,9.334,8.777,10.198,11.758,7.752,8.605,5.989,8.677,5.257,11.082,8.111,7.006,21.358,6.598,4.541,23.329,13.685,7.666,12.136,9.426,7.533,25.024,11.676,8.057,8.484,8.452,4.634,8.281,19.170,7.708
fold_2025_03_28_14_03_rt_stx3_s47_20_model_0.cif,12.500,9.692,23.652,10.548,9.012,7.792,8.774,8.678,23.880,23.213,8.100,9.579,7.213,34.310,6.601,13.469,10.894,6.751,19.565,7.077,8.388,8.097,10.398,9.816,8.348,22.138,21.495,10.535,,11.079,7.376,9.058,7.938,6.872,23.629,12.533,8.961,9.201,7.849,7.076,22.068,28.149,8.510,12.533,9.218,6.471,7.490,22.454,7.221,7.728,10.610,10.547,11.372,9.782,11.091,9.660,9.175,8.635,7.153,7.634,9.709,6.146,9.763,7.662,8.632,6.230,13.861,13.164,9.813,11.863,9.009,7.568,9.308,8.847,7.613,10.453,5.867,10.691,6.636,15.752,11.400,7.665,7.445,14.886,22.048,8.317,9.377,22.318,7.672,15.670,8.016,7.797,11.018,23.902,10.915,7.021,11.597,7.652,9.797,10.594,21.471,7.220
fold_2025_03_28_14_07_rt_stx3_s47_21_model_0.cif,16.433,9.377,22.712,8.977,6.878,9.180,7.478,7.006,20.188,21.685,7.046,9.090,8.652,29.323,7.124,16.097,5.651,10.729,14.104,9.168,6.969,7.177,14.628,7.608,8.066,22.188,20.187,7.295,11.079,,11.722,7.407,11.189,7.099,25.875,7.877,12.006,7.966,7.411,6.569,23.305,23.681,10.698,11.867,11.306,9.834,6.650,22.234,9.021,9.932,7.488,6.490,6.386,10.620,9.066,5.167,8.449,7.411,7.309,8.563,13.260,8.808,7.616,7.740,6.450,8.835,7.824,12.308,7.316,16.842,13.768,7.915,6.430,6.965,9.447,14.379,8.327,13.312,7.846,9.456,6.742,10.504,9.336,8.024,19.706,5.323,9.236,21.396,12.958,9.357,9.449,7.697,9.714,21.837,15.397,10.925,9.521,5.635,7.681,3.773,20.169,9.534
fold_2025_03_28_14_07_rt_stx3_s47_22_model_0.cif,10.716,8.742,23.937,9.919,8.640,9.726,9.090,10.086,24.157,22.969,10.783,10.391,6.945,35.519,8.556,10.361,10.637,9.700,18.244,7.407,9.023,10.578,9.037,10.043,10.402,22.184,21.613,9.233,7.376,11.722,,8.257,6.760,7.770,23.304,12.684,5.894,9.996,9.118,9.386,21.136,28.981,11.509,14.944,11.522,6.356,10.192,21.663,7.340,6.188,12.312,11.658,12.422,10.516,13.486,12.376,9.994,8.632,8.482,9.459,11.568,7.850,9.570,9.693,9.356,8.806,13.707,11.398,12.675,10.625,6.505,9.957,11.505,10.785,8.253,8.251,8.276,9.099,7.255,14.156,12.222,6.858,7.620,13.210,21.544,10.013,7.919,21.773,8.102,13.850,11.051,9.339,9.994,24.269,8.043,5.845,12.484,9.150,8.515,12.174,19.096,8.590
fold_2025_03_28_14_09_rt_stx3_s47_23_model_0.cif,15.227,8.210,23.348,10.354,8.238,9.402,9.004,8.305,21.014,22.342,7.620,9.175,7.481,30.069,7.596,14.223,8.125,10.379,15.654,8.995,8.576,8.125,13.427,6.824,7.096,21.993,20.943,8.734,9.058,7.407,8.257,,8.559,5.708,25.411,8.704,8.655,7.882,8.423,7.177,23.277,22.969,11.044,13.403,12.775,8.716,8.514,22.280,8.806,8.119,7.595,8.808,9.563,11.051,10.129,8.254,9.851,7.503,8.304,8.635,13.223,7.445,9.055,7.497,8.470,9.706,8.452,12.164,8.978,13.729,10.297,7.864,8.950,8.898,8.317,12.004,8.644,12.950,7.833,11.811,10.271,6.806,9.087,11.326,20.636,7.326,9.659,20.250,9.882,12.487,9.406,7.314,10.872,22.269,13.499,9.264,11.500,5.792,8.678,8.092,18.609,9.696
fold_2025_03_28_14_09_rt_stx3_s47_24_model_0.cif,9.962,9.133,21.500,10.896,8.423,6.323,7.827,9.378,22.260,20.398,10.486,10.561,5.331,35.144,8.207,10.475,11.598,7.748,21.463,7.193,9.332,8.827,8.830,10.643,9.158,20.032,18.953,10.653,7.938,11.189,6.760,8.559,,7.791,21.109,11.303,6.143,9.122,8.063,9.764,18.976,27.822,9.975,13.950,9.713,6.721,9.070,18.929,8.320,5.207,12.480,12.679,12.549,6.318,12.467,11.588,10.395,7.754,7.746,8.313,9.444,5.671,10.573,8.320,10.244,8.139,13.840,12.718,11.439,9.039,6.653,10.476,10.436,9.508,6.778,7.519,7.778,9.336,7.469,13.986,13.215,4.711,5.527,14.740,19.221,10.545,9.213,20.867,6.652,14.944,10.260,9.184,7.961,21.930,9.158,6.238,10.669,8.533,7.885,11.731,21.135,8.687
fold_2025_03_28_14_09_rt_stx3_s47_25_model_0.cif,13.078,6.798,22.633,8.112,6.630,6.884,7.305,5.868,21.943,22.111,5.603,6.877,4.508,31.981,5.005,13.192,7.878,7.453,17.068,6.132,6.433,5.266,11.464,5.911,5.445,21.638,20.603,7.935,6.872,7.099,7.770,5.708,7.791,,24.293,8.166,8.129,6.116,6.662,4.563,22.226,25.372,7.993,11.363,9.642,6.153,6.481,21.743,5.888,6.696,7.917,7.344,7.298,9.060,8.429,6.911,6.331,5.061,6.698,6.107,10.216,5.926,6.865,5.140,6.038,6.309,8.945,11.140,7.326,13.016,9.746,5.728,6.839,6.267,6.054,10.486,5.079,10.999,6.243,11.712,8.719,6.560,6.919,11.803,20.710,5.783,8.162,21.124,7.972,11.953,6.801,5.829,8.897,22.353,12.182,7.142,10.299,4.041,7.757,6.935,19.212,6.387
fold_2025_04_11_14_20_rt_stx3_s47_26_model_0.cif,20.870,25.735,10.049,24.797,24.413,20.545,23.593,23.632,19.225,11.669,24.972,25.804,22.913,34.564,24.810,22.532,26.652,20.437,34.114,22.310,25.423,22.693,21.396,26.021,23.338,10.220,12.565,26.478,23.629,25.875,23.304,25.411,21.109,24.293,,25.950,24.167,24.705,24.390,24.806,8.113,33.259,21.116,25.615,20.899,23.742,23.854,9.527,24.076,22.056,26.612,26.855,26.331,20.903,24.386,25.457,24.236,23.804,23.043,22.012,18.926,21.618,25.466,24.158,24.453,23.098,27.781,26.791,24.007,19.297,20.170,25.560,23.844,23.616,21.805,20.839,22.753,22.964,23.286,27.427,27.645,21.429,20.674,27.990,14.015,26.239,24.665,16.847,21.295,27.943,22.915,23.523,23.241,14.823,21.502,22.172,24.694,24.212,23.561,25.796,32.232,23.693
fold_2025_04_11_14_21_rt_stx3_s47_27_model_0.cif,16.813,6.706,23.713,9.595,8.121,10.234,9.264,9.178,22.402,23.072,8.650,6.317,9.518,30.519,7.781,16.452,9.300,11.790,17.230,11.185,8.901,8.796,13.993,5.859,9.372,23.008,21.565,9.654,12.533,7.877,12.684,8.704,11.303,8.166,25.950,,10.262,5.686,8.390,9.235,23.480,23.470,12.081,11.993,11.682,9.832,9.388,22.719,9.617,10.884,9.818,9.025,7.616,11.749,10.414,9.189,9.258,6.440,10.068,9.706,13.310,10.233,8.319,7.383,9.777,10.411,6.060,10.065,10.270,17.299,14.785,10.301,8.571,7.541,9.916,14.355,9.839,13.310,10.116,8.162,9.723,10.666,10.529,11.822,21.549,8.459,11.104,22.986,13.180,11.746,10.553,9.163,10.663,23.167,16.026,10.932,10.407,7.704,9.409,7.599,19.396,9.505
fold_2025_04_11_14_21_rt_stx3_s47_28_model_0.cif,11.095,6.103,24.670,10.030,8.237,9.510,9.168,10.588,25.100,23.822,11.340,8.410,6.801,35.742,8.021,10.678,11.690,10.187,19.947,8.791,9.222,10.726,8.537,9.016,10.859,23.056,22.414,10.013,8.961,12.006,5.894,8.655,6.143,8.129,24.167,10.262,,8.636,8.791,10.599,21.693,28.320,12.301,15.475,11.546,6.805,10.935,22.194,7.959,6.498,13.168,12.509,12.305,9.791,13.732,12.913,10.311,7.154,9.398,9.912,11.812,8.617,9.687,9.032,10.851,9.239,12.458,9.708,13.276,11.419,8.619,11.207,11.514,10.472,8.206,8.715,9.124,9.200,8.350,12.487,12.941,7.081,8.254,14.228,22.491,10.720,9.011,23.367,8.718,14.125,11.656,9.989,9.221,24.860,9.315,6.449,12.070,9.549,8.849,12.463,19.713,8.249
fold_2025_04_11_14_22_rt_stx3_s47_29_model_0.cif,15.024,5.252,23.388,8.155,6.388,8.458,7.561,8.418,22.292,22.505,7.203,4.504,7.005,31.811,5.711,14.898,8.287,8.472,17.624,8.531,6.586,7.039,11.340,4.863,8.307,22.357,20.677,8.072,9.201,7.966,9.996,7.882,9.122,6.116,24.705,5.686,8.636,,6.486,6.530,22.477,26.528,9.922,11.292,8.906,6.700,6.796,21.822,6.128,9.112,9.555,7.971,7.455,10.021,10.598,8.324,7.305,4.044,7.497,8.015,11.386,7.494,6.425,4.401,6.948,7.226,8.462,8.727,9.523,15.513,12.655,7.441,7.374,6.634,8.432,12.403,6.376,10.823,7.309,10.237,8.368,9.101,8.118,12.474,21.028,6.291,9.029,21.960,11.146,12.345,8.104,7.513,9.320,23.018,13.667,7.860,9.389,6.272,7.709,7.264,19.460,5.567
fold_2025_04_11_14_22_rt_stx3_s47_30_model_0.cif,12.818,6.823,23.866,6.807,3.966,7.555,2.975,8.340,22.972,22.435,8.478,6.831,7.102,33.761,4.666,13.053,6.435,9.037,16.412,6.086,4.191,8.521,9.690,8.145,9.641,22.625,20.558,6.039,7.849,7.411,9.118,8.423,8.063,6.662,24.390,8.390,8.791,6.486,,6.715,21.250,28.182,10.894,10.065,7.141,5.920,5.767,21.506,5.225,7.446,10.312,7.958,8.322,8.155,11.881,8.210,7.480,5.516,4.145,7.477,11.057,7.105,6.200,6.750,6.426,5.009,11.115,9.106,10.562,14.436,11.461,8.866,7.812,6.455,8.322,11.084,5.552,8.378,4.987,10.210,6.901,9.221,6.058,10.560,20.410,6.013,5.701,23.121,11.413,11.209,10.161,8.098,6.715,23.963,11.363,6.662,5.462,7.030,4.963,7.900,21.123,5.458
fold_2025_04_11_14_26_rt_stx3_s47_31_model_0.cif,14.987,8.553,22.859,8.528,6.991,7.698,7.304,5.893,21.319,22.082,4.200,7.740,6.596,31.390,5.053,15.662,6.535,7.494,16.156,6.847,6.132,5.842,12.957,6.426,6.279,21.810,20.264,7.914,7.076,6.569,9.386,7.177,9.764,4.563,24.806,9.235,10.599,6.530,6.715,,22.785,26.084,8.211,10.291,9.259,6.539,4.437,22.224,6.188,8.805,6.484,5.465,6.666,10.357,8.286,4.727,6.424,6.681,5.859,6.314,10.892,6.079,6.687,5.466,4.334,5.813,9.808,12.164,6.789,15.307,11.890,3.650,5.459,5.461,7.869,12.775,4.659,12.118,5.626,12.843,6.878,8.848,7.652,11.642,20.522,3.762,8.586,20.903,10.037,12.760,6.203,5.138,10.119,22.413,13.930,8.522,9.754,3.945,8.215,5.241,19.668,6.754
fold_2025_04_11_14_26_rt_stx3_s47_32_model_0.cif,18.219,22.951,12.987,21.445,21.096,18.816,20.168,21.822,19.288,11.440,23.537,23.249,20.826,34.380,22.360,19.586,23.383,19.600,30.696,19.599,22.210,21.558,18.841,23.776,22.397,11.602,11.575,22.930,22.068,23.305,21.136,23.277,18.976,22.226,8.113,23.480,21.693,22.477,21.250,22.785,,34.273,21.034,23.341,18.445,21.267,21.504,7.676,21.314,19.440,24.958,24.159,23.934,18.309,23.702,23.568,21.767,21.204,20.150,20.124,18.119,19.932,22.427,22.497,21.736,20.533,25.670,23.380,23.307,18.509,18.673,24.021,21.801,21.254,20.032,18.700,20.661,19.677,20.549,24.115,24.361,19.883,18.165,24.727,11.462,23.634,21.242,17.590,20.450,24.579,22.381,21.660,19.491,16.593,18.913,19.879,21.113,22.487,20.112,23.645,29.210,21.149
fold_2025_04_11_14_26_rt_stx3_s47_33_model_0.cif,31.211,27.552,27.545,28.815,28.002,26.588,28.781,24.455,25.045,29.649,23.661,27.237,27.199,20.339,26.786,29.204,26.743,27.687,25.598,29.018,28.531,24.220,32.506,24.570,22.199,27.837,29.761,28.475,28.149,23.681,28.981,22.969,27.822,25.372,33.259,23.470,28.320,26.528,28.182,26.084,34.273,,25.635,27.837,30.635,29.034,26.812,32.318,29.629,27.452,21.639,25.491,25.271,28.762,21.327,23.878,27.481,26.887,28.467,25.565,28.015,26.112,28.025,25.961,27.926,29.305,20.927,30.677,22.310,27.712,27.654,25.780,24.857,25.670,25.364,29.240,28.242,32.563,28.173,25.097,28.115,24.766,28.454,25.550,29.988,26.138,30.107,26.324,26.056,25.660,24.641,24.425,29.711,25.652,31.955,29.682,29.768,23.915,28.515,23.926,27.375,29.768
fold_2025_04_11_14_26_rt_stx3_s47_34_model_0.cif,14.073,12.293,19.566,12.255,11.224,6.017,11.026,7.669,21.437,20.318,7.461,11.261,7.784,32.538,9.043,15.463,12.789,5.231,21.883,9.122,11.078,4.958,13.132,10.909,6.255,19.678,19.196,13.023,8.510,10.698,11.509,11.044,9.975,7.993,21.116,12.081,12.301,9.922,10.894,8.211,21.034,25.635,,12.501,9.358,9.852,8.086,20.398,10.079,9.730,10.885,11.559,10.558,9.756,7.425,8.741,9.425,9.372,9.962,7.579,7.071,7.084,11.563,7.551,9.573,8.255,13.650,16.168,6.272,12.324,10.865,7.862,7.943,8.351,7.911,11.995,6.967,13.587,9.765,15.639,12.943,8.627,8.529,15.460,20.116,10.089,12.550,20.668,7.964,15.545,4.557,8.593,11.960,20.464,13.860,10.258,13.254,7.555,11.710,9.416,22.076,9.605
fold_2025_04_11_14_26_rt_stx3_s47_35_model_0.cif,17.683,13.458,24.702,11.986,11.705,11.773,10.649,11.500,24.327,23.850,10.931,12.257,12.571,33.730,10.869,18.617,11.765,12.732,19.264,11.840,10.569,11.270,16.023,12.362,12.231,24.252,21.825,12.401,12.533,11.867,14.944,13.403,13.950,11.363,25.615,11.993,15.475,11.292,10.065,10.291,23.341,27.837,12.501,,11.452,11.462,9.853,23.460,11.162,13.314,12.167,10.964,11.414,13.091,12.719,10.914,10.874,11.835,11.255,11.450,13.239,11.705,11.439,10.854,10.488,10.588,14.449,15.198,12.578,18.745,16.426,11.380,10.699,9.497,13.119,16.270,10.462,14.197,11.446,14.493,11.184,14.042,11.578,14.737,22.451,10.145,12.989,24.982,14.747,15.268,11.951,11.910,12.698,25.421,17.164,13.095,9.291,11.289,11.587,10.926,21.535,11.269
fold_2025_04_11_14_29_rt_stx3_s47_36_model_0.cif,11.831,10.516,21.636,8.711,8.022,7.099,7.056,9.938,23.461,20.944,10.449,9.365,8.977,35.461,7.870,13.660,10.984,7.331,20.791,7.544,8.413,9.367,9.158,11.324,11.169,20.867,19.290,10.236,9.218,11.306,11.522,12.775,9.713,9.642,20.899,11.682,11.546,8.906,7.141,9.259,18.445,30.635,9.358,11.452,,8.078,7.597,19.461,7.500,9.206,13.232,10.732,10.276,8.489,12.778,10.908,8.101,8.372,7.181,7.808,7.672,8.169,9.094,8.922,8.631,5.727,14.865,11.991,11.796,13.940,12.011,10.740,8.543,7.738,8.869,11.196,5.925,8.833,7.728,13.893,10.363,10.745,6.480,14.564,19.707,9.822,9.150,23.108,11.877,14.411,9.688,9.741,8.740,23.076,11.407,8.222,8.978,9.976,8.238,10.781,22.215,6.551
fold_2025_04_11_14_29_rt_stx3_s47_37_model_0.cif,11.426,7.001,23.715,7.552,6.240,7.538,6.407,7.356,23.764,22.790,7.898,7.203,5.389,34.729,5.313,12.520,8.571,7.690,18.460,5.878,6.009,8.256,9.224,7.873,9.078,22.113,20.953,7.649,6.471,9.834,6.356,8.716,6.721,6.153,23.742,9.832,6.805,6.700,5.920,6.539,21.267,29.034,9.852,11.462,8.078,,6.588,21.722,4.729,6.143,10.251,8.709,9.443,8.743,11.368,9.426,6.954,6.082,5.917,7.055,9.897,6.265,6.645,6.854,6.771,5.482,12.141,10.155,10.666,13.097,9.762,7.648,8.399,6.878,7.139,9.658,5.102,8.408,5.205,12.841,9.189,7.469,5.998,12.967,21.350,7.040,6.766,22.433,8.572,13.381,8.869,7.039,7.929,24.068,10.063,5.260,9.153,7.054,6.918,9.236,19.404,5.622
fold_2025_04_11_14_29_rt_stx3_s47_38_model_0.cif,14.502,9.422,22.214,8.664,6.688,6.451,6.037,6.333,21.176,21.127,5.692,8.267,7.010,32.347,5.655,15.412,6.968,7.198,17.395,6.655,5.869,6.158,12.412,8.046,7.545,21.185,19.214,7.896,7.490,6.650,10.192,8.514,9.070,6.481,23.854,9.388,10.935,6.796,5.767,4.437,21.504,26.812,8.086,9.853,7.597,6.588,,21.072,6.713,8.428,8.102,6.903,8.005,8.810,9.149,5.035,7.321,6.713,4.840,6.456,10.169,5.700,7.352,5.910,5.007,5.354,11.291,12.600,7.389,15.047,12.038,5.845,5.648,5.089,8.124,12.592,4.560,11.330,5.466,12.549,7.407,9.051,6.719,11.692,19.501,4.608,8.305,21.148,10.628,12.765,7.034,6.183,8.804,22.224,13.419,8.565,8.219,5.499,7.243,5.580,20.748,6.918
fold_2025_04_11_14_32_rt_stx3_s47_39_model_0.cif,20.350,22.808,9.871,22.231,21.216,18.753,20.394,21.564,14.345,6.438,22.846,23.394,20.330,31.327,22.594,20.750,22.913,19.501,30.403,19.931,22.080,20.507,20.328,23.223,21.378,8.515,6.687,22.982,22.454,22.234,21.663,22.280,18.929,21.743,9.527,22.719,22.194,21.822,21.506,22.224,7.676,32.318,20.398,23.460,19.461,21.722,21.072,,21.538,19.946,24.167,24.043,23.650,18.274,22.977,22.543,22.079,20.772,20.128,20.467,19.260,19.436,22.630,21.545,21.427,21.160,24.522,23.870,22.131,19.339,19.202,23.222,21.593,21.258,20.331,19.510,20.659,21.155,20.674,23.698,24.224,19.618,18.522,24.433,7.247,23.102,21.810,12.751,20.567,24.325,21.815,21.466,19.878,12.045,20.698,20.320,21.283,21.585,20.215,22.566,30.856,21.479
fold_2025_04_11_14_32_rt_stx3_s47_40_model_0.cif,11.393,6.162,23.870,5.527,4.471,8.235,5.336,8.723,23.662,22.707,8.583,6.437,6.042,34.249,5.455,11.448,7.069,8.292,16.404,4.840,4.100,8.428,8.172,7.612,9.673,22.636,21.001,5.660,7.221,9.021,7.340,8.806,8.320,5.888,24.076,9.617,7.959,6.128,5.225,6.188,21.314,29.629,10.079,11.162,7.500,4.729,6.713,21.538,,6.858,11.077,7.945,8.148,9.152,12.040,9.479,5.693,4.894,5.384,7.509,10.316,7.222,4.914,6.874,4.972,4.488,11.821,7.952,11.111,13.453,10.156,7.780,8.389,7.200,8.115,9.260,4.429,6.775,4.474,10.947,7.162,8.946,5.745,11.008,21.059,6.272,4.973,22.563,10.409,10.964,9.357,7.894,7.158,24.197,9.754,4.472,8.492,7.332,5.603,8.777,19.787,3.795
fold_2025_04_11_14_32_rt_stx3_s47_41_model_0.cif,8.369,8.594,21.896,7.906,6.852,6.329,6.906,8.030,22.875,21.072,9.529,9.416,5.368,34.563,6.924,9.061,9.956,7.800,19.180,5.186,7.718,8.527,8.215,9.929,8.964,20.657,19.933,8.709,7.728,9.932,6.188,8.119,5.207,6.696,22.056,10.884,6.498,9.112,7.446,8.805,19.440,27.452,9.730,13.314,9.206,6.143,8.428,19.946,6.858,,11.537,10.619,10.387,6.742,11.261,10.610,7.910,6.741,6.732,6.639,8.713,6.457,8.106,8.918,8.239,6.932,12.820,11.567,10.864,9.142,6.201,9.950,9.235,8.331,5.408,6.494,6.814,7.846,6.201,12.447,11.089,5.040,5.014,12.550,19.872,9.183,6.961,21.575,7.348,12.424,9.716,7.942,6.760,22.696,7.453,5.564,10.309,8.067,6.720,10.461,19.740,7.744
fold_2025_04_11_14_36_rt_stx3_s47_42_model_0.cif,18.120,11.548,23.245,11.407,10.647,10.546,11.131,6.683,20.628,23.130,4.921,10.472,10.351,28.321,8.338,19.013,8.740,10.932,16.035,11.307,10.394,8.251,17.023,7.644,6.660,22.174,21.564,10.939,10.610,7.488,12.312,7.595,12.480,7.917,26.612,9.818,13.168,9.555,10.312,6.484,24.958,21.639,10.885,12.167,13.232,10.251,8.102,24.167,11.077,11.537,,6.121,8.082,13.674,6.824,5.881,9.443,10.304,9.942,7.946,13.363,8.957,9.681,9.159,8.814,10.637,8.451,15.308,6.831,17.688,14.489,6.582,6.742,7.364,9.502,16.074,9.579,16.259,9.526,14.423,10.030,10.317,11.330,12.941,21.630,7.003,12.499,20.689,11.972,14.769,8.030,5.607,13.958,22.068,17.574,12.600,13.016,5.833,11.459,6.452,17.658,11.740
fold_2025_04_11_14_36_rt_stx3_s47_43_model_0.cif,16.186,9.536,24.239,6.921,7.556,10.627,8.522,7.171,22.176,23.607,6.373,7.955,9.744,30.185,6.922,16.864,5.383,11.099,13.511,9.045,7.180,8.972,14.482,7.016,8.904,23.246,22.073,7.194,10.547,6.490,11.658,8.808,12.679,7.344,26.855,9.025,12.509,7.971,7.958,5.465,24.159,25.491,11.559,10.964,10.732,8.709,6.903,24.043,7.945,10.619,6.121,,4.884,12.870,9.206,6.373,5.945,8.282,8.034,7.417,12.843,9.548,5.537,9.075,5.469,8.278,8.738,11.575,9.013,17.950,14.495,7.167,6.255,6.264,9.517,14.671,7.839,12.955,7.522,11.440,5.477,11.453,9.978,9.914,21.788,4.997,9.074,22.320,13.399,11.196,9.165,6.119,11.172,23.669,15.524,10.637,10.690,6.674,8.746,5.706,17.806,8.989
fold_2025_04_11_14_36_rt_stx3_s47_44_model_0.cif,15.451,9.009,23.676,6.683,7.214,9.685,8.594,7.438,22.640,23.373,6.704,7.401,9.241,30.575,6.539,15.993,7.057,10.516,15.151,9.128,7.650,7.914,13.773,7.321,8.508,23.362,22.206,8.064,11.372,6.386,12.422,9.563,12.549,7.298,26.331,7.616,12.305,7.455,8.322,6.666,23.934,25.271,10.558,11.414,10.276,9.443,8.005,23.650,8.148,10.387,8.082,4.884,,11.816,8.371,7.136,5.142,7.349,8.690,7.157,11.659,9.918,5.435,8.545,6.429,8.153,8.357,11.230,8.521,17.204,14.404,8.223,5.813,5.821,8.699,13.887,7.995,12.548,8.376,10.072,6.227,11.244,9.712,10.090,21.897,6.532,9.424,23.210,13.135,10.189,8.681,7.118,10.322,23.544,15.377,10.464,10.665,6.772,8.823,5.580,18.873,8.749
fold_2025_04_11_14_37_rt_stx3_s47_45_model_0.cif,9.998,10.669,20.640,10.646,8.275,5.738,7.184,9.222,22.096,19.409,11.218,11.074,6.831,35.498,8.488,11.074,11.978,7.801,22.187,6.986,9.148,8.469,9.759,11.982,10.205,19.879,18.133,11.039,9.782,10.620,10.516,11.051,6.318,9.060,20.903,11.749,9.791,10.021,8.155,10.357,18.309,28.762,9.756,13.091,8.489,8.743,8.810,18.274,9.152,6.742,13.674,12.870,11.816,,12.418,11.074,10.162,7.988,7.544,8.614,8.901,7.618,10.636,9.322,9.784,7.518,14.600,13.601,11.142,10.688,9.554,11.607,9.689,9.409,7.813,9.163,8.126,9.703,8.316,13.511,12.427,8.219,5.982,14.447,18.329,10.757,9.647,22.011,9.142,14.036,10.758,10.611,6.327,21.504,10.484,8.386,9.200,9.719,8.049,11.242,23.091,8.710
fold_2025_04_11_14_40_rt_stx_s47_46_model_0.cif,16.724,12.802,20.893,12.312,11.946,8.744,12.325,6.023,21.038,21.869,5.563,11.339,9.934,29.447,9.115,18.182,11.937,9.352,19.705,11.401,11.976,6.241,16.554,9.767,5.457,20.877,20.903,13.324,11.091,9.066,13.486,10.129,12.467,8.429,24.386,10.414,13.732,10.598,11.881,8.286,23.702,21.327,7.425,12.719,12.778,11.368,9.149,22.977,12.040,11.261,6.824,9.206,8.371,12.418,,6.889,9.321,10.518,11.359,7.275,10.383,9.270,11.010,9.501,10.310,10.551,10.376,16.997,4.516,15.769,13.787,7.909,6.742,7.337,8.387,14.953,9.736,16.434,11.034,15.011,12.440,9.834,11.122,14.516,21.325,9.533,13.886,21.093,10.180,15.336,6.041,6.778,13.812,20.868,17.238,12.814,14.375,6.740,12.861,7.571,19.849,12.230
fold_2025_04_11_14_40_rt_stx_s47_47_model_0.cif,17.190,10.730,22.243,10.501,8.803,8.309,8.808,5.726,20.135,21.654,4.498,9.392,8.761,29.810,6.871,17.947,7.525,9.097,16.287,9.335,8.043,5.953,15.651,7.947,6.789,21.613,19.913,9.671,9.660,5.167,12.376,8.254,11.588,6.911,25.457,9.189,12.913,8.324,8.210,4.727,23.568,23.878,8.741,10.914,10.908,9.426,5.035,22.543,9.479,10.610,5.881,6.373,7.136,11.074,6.889,,8.656,8.354,7.525,7.610,12.298,8.007,8.675,7.015,6.596,8.070,9.357,14.504,4.997,17.131,14.208,5.808,5.453,5.872,9.385,15.220,7.346,14.750,8.153,12.902,7.881,10.440,9.725,11.499,20.065,4.980,10.789,20.942,11.869,13.017,7.063,6.394,11.311,21.539,16.446,11.527,10.304,5.050,9.942,3.349,21.301,9.581
fold_2025_04_11_14_40_rt_stx_s47_48_model_0.cif,12.059,8.205,22.756,4.674,6.439,8.288,7.511,6.995,23.071,22.515,7.393,6.986,7.311,32.443,6.013,13.252,7.886,8.656,16.942,6.561,6.517,7.776,10.765,7.855,8.455,22.073,21.255,7.666,9.175,8.449,9.994,9.851,10.395,6.331,24.236,9.258,10.311,7.305,7.480,6.424,21.767,27.481,9.425,10.874,8.101,6.954,7.321,22.079,5.693,7.910,9.443,5.945,5.142,10.162,9.321,8.656,,6.340,7.577,5.527,9.096,8.257,4.406,8.416,5.446,6.036,10.659,10.267,9.676,14.653,11.735,7.909,6.327,5.612,6.889,10.900,5.977,9.654,6.525,11.177,7.532,9.542,7.438,11.439,21.241,6.794,7.866,22.521,10.796,11.080,8.061,6.349,8.720,23.210,12.344,7.634,10.369,7.031,7.632,7.873,18.274,6.677
fold_2025_04_11_14_41_rt_stx_s47_49_model_0.cif,12.527,4.488,22.573,6.628,4.593,7.165,5.941,7.581,22.210,21.639,7.772,4.635,5.159,32.556,5.093,12.271,7.772,7.950,17.319,6.442,5.295,6.674,9.505,5.769,8.108,21.589,20.103,6.859,8.635,7.411,8.632,7.503,7.754,5.061,23.804,6.440,7.154,4.044,5.516,6.681,21.204,26.887,9.372,11.835,8.372,6.082,6.713,20.772,4.894,6.741,10.304,8.282,7.349,7.988,10.518,8.354,6.340,,6.309,7.263,10.396,7.097,5.486,5.237,6.097,6.026,9.014,8.226,9.523,13.529,10.720,8.047,7.400,6.510,7.265,10.173,5.648,9.018,6.196,8.951,8.057,7.933,6.565,11.099,20.138,6.335,7.076,21.754,9.978,10.529,8.509,7.552,6.864,22.504,11.441,6.273,8.710,6.111,6.291,7.375,19.959,4.752
fold_2025_04_11_14_42_rt_stx_s47_50_model_0.cif,12.265,8.270,22.337,7.464,4.660,6.835,3.630,7.631,21.471,20.743,7.989,8.387,6.637,33.418,5.153,12.841,6.428,7.673,16.752,4.832,4.737,7.859,9.835,8.770,9.211,20.974,18.900,6.561,7.153,7.309,8.482,8.304,7.746,6.698,23.043,10.068,9.398,7.497,4.145,5.859,20.150,28.467,9.962,11.255,7.181,5.917,4.840,20.128,5.384,6.732,9.942,8.034,8.690,7.544,11.359,7.525,7.577,6.309,,6.785,10.430,5.989,6.692,7.158,5.215,4.679,11.960,10.709,9.735,13.567,10.389,8.072,7.323,6.621,7.766,10.570,4.841,8.745,3.724,11.929,7.146,8.629,5.148,10.766,18.851,5.909,5.535,21.242,10.665,11.857,9.329,7.215,7.061,22.517,10.656,6.447,7.096,6.769,5.127,7.513,21.384,6.019
fold_2025_04_11_14_42_rt_stx_s47_51_model_0.cif,11.545,9.580,20.631,7.643,7.538,5.292,7.601,5.687,21.328,20.541,5.986,8.487,6.893,32.027,5.590,13.534,9.139,6.168,18.983,6.240,8.318,6.376,10.973,8.482,6.137,19.793,19.389,9.597,7.634,8.563,9.459,8.635,8.313,6.107,22.012,9.706,9.912,8.015,7.477,6.314,20.124,25.565,7.579,11.450,7.808,7.055,6.456,20.467,7.509,6.639,7.946,7.417,7.157,8.614,7.275,7.610,5.527,7.263,6.785,,6.650,5.565,7.292,7.968,7.039,5.878,11.247,12.827,7.526,12.279,9.698,7.592,5.173,5.017,3.982,10.227,5.581,10.775,6.068,13.362,9.812,6.717,5.841,13.149,19.568,7.754,8.971,20.699,8.246,13.623,6.367,4.227,9.422,21.238,11.953,7.675,10.743,5.806,8.055,7.994,19.011,7.927
fold_2025_04_11_14_52_rt_stx_s47_52_model_0.cif,10.010,12.896,19.439,11.045,11.194,6.110,10.682,9.660,23.310,20.153,10.596,11.872,9.232,35.284,9.720,13.116,14.189,6.181,23.744,8.827,12.140,8.915,10.327,12.721,9.573,19.317,19.387,13.608,9.709,13.260,11.568,13.223,9.444,10.216,18.926,13.310,11.812,11.386,11.057,10.892,18.119,28.015,7.071,13.239,7.672,9.897,10.169,19.260,10.316,8.713,13.363,12.843,11.659,8.901,10.383,12.298,9.096,10.396,10.430,6.650,,8.189,11.546,10.744,11.100,8.169,15.910,15.529,10.777,10.301,9.574,11.397,9.090,9.067,6.774,9.690,8.289,11.131,9.826,16.269,14.315,8.857,7.191,16.888,20.141,12.493,12.120,22.101,8.325,16.630,8.270,9.498,11.157,21.581,11.455,9.268,13.220,10.335,11.176,12.617,21.214,9.972
fold_2025_04_11_14_52_rt_stx_s47_53_model_0.cif,12.357,9.224,20.734,9.950,7.661,4.638,7.144,7.041,20.693,19.880,6.599,9.530,5.177,32.632,6.175,13.239,9.498,5.469,19.884,6.243,7.906,6.011,10.627,8.707,5.948,19.496,18.315,9.630,6.146,8.808,7.850,7.445,5.671,5.926,21.618,10.233,8.617,7.494,7.105,6.079,19.932,26.112,7.084,11.705,8.169,6.265,5.700,19.436,7.222,6.457,8.957,9.548,9.918,7.618,9.270,8.007,8.257,7.097,5.989,5.565,8.189,,9.202,5.912,7.524,6.334,12.254,13.184,8.016,11.209,8.431,6.621,6.734,6.831,5.413,9.823,4.771,10.724,5.321,14.067,10.806,5.229,4.844,13.745,18.807,7.649,9.216,19.688,7.025,14.519,6.598,5.976,9.266,20.919,11.468,6.992,10.362,5.304,7.481,8.458,19.946,7.492
fold_2025_04_11_14_52_rt_stx_s47_54_model_0.cif,12.965,6.776,24.165,3.562,4.761,9.516,6.508,8.140,23.288,23.241,8.174,5.857,8.032,32.476,5.728,13.317,5.914,10.066,14.675,7.038,5.031,9.066,10.597,7.083,9.956,23.062,21.725,5.466,9.763,7.616,9.570,9.055,10.573,6.865,25.466,8.319,9.687,6.425,6.200,6.687,22.427,28.025,11.563,11.439,9.094,6.645,7.352,22.630,4.914,8.106,9.681,5.537,5.435,10.636,11.010,8.675,4.406,5.486,6.692,7.292,11.546,9.202,,8.474,4.980,6.524,9.740,8.032,10.827,15.700,12.444,8.617,7.600,6.326,8.486,11.474,6.792,9.023,6.213,9.410,5.616,10.256,7.916,9.701,21.456,5.843,6.013,22.902,12.326,9.672,9.875,7.138,8.179,24.164,12.149,7.327,8.992,7.488,6.444,7.480,18.651,6.330
fold_2025_04_11_14_52_rt_stx_s47_55_model_0.cif,15.287,6.969,22.761,10.101,7.520,6.929,7.788,7.562,21.829,22.029,5.975,6.754,5.796,32.124,5.646,15.326,9.046,6.928,18.600,8.207,7.042,5.105,12.134,6.115,6.557,21.885,20.103,9.269,7.662,7.740,9.693,7.497,8.320,5.140,24.158,7.383,9.032,4.401,6.750,5.466,22.497,25.961,7.551,10.854,8.922,6.854,5.910,21.545,6.874,8.918,9.159,9.075,8.545,9.322,9.501,7.015,8.416,5.237,7.158,7.968,10.744,5.912,8.474,,7.270,6.775,9.633,11.470,7.572,14.585,11.825,5.794,7.118,6.592,8.172,12.454,5.255,11.927,7.333,12.012,9.333,8.246,7.741,13.126,20.706,6.161,9.773,21.533,9.533,13.372,6.482,7.560,9.785,22.403,13.815,8.338,9.545,4.848,8.581,6.764,20.912,6.089
fold_2_2025_05_19_09_56_model_0.cif,13.625,8.508,22.763,6.161,5.478,8.395,6.066,7.152,21.537,21.534,6.938,7.786,7.126,32.198,6.032,13.996,5.234,8.585,14.922,5.637,4.624,7.392,11.735,7.496,8.722,21.794,19.889,5.711,8.632,6.450,9.356,8.470,10.244,6.038,24.453,9.777,10.851,6.948,6.426,4.334,21.736,27.926,9.573,10.488,8.631,6.771,5.007,21.427,4.972,8.239,8.814,5.469,6.429,9.784,10.310,6.596,5.446,6.097,5.215,7.039,11.100,7.524,4.980,7.270,,5.552,10.694,10.578,8.974,15.303,11.877,6.392,6.426,6.386,8.583,11.921,4.990,10.091,4.950,11.159,5.083,9.930,7.073,9.582,19.788,4.298,6.482,21.239,11.550,10.231,8.359,6.841,8.195,22.733,12.430,7.950,8.774,6.325,6.323,5.957,19.481,6.147
fold_3_2025_05_19_09_56_model_0.cif,11.231,8.238,22.862,6.982,5.633,5.881,5.200,7.456,23.375,22.019,7.757,7.349,6.124,34.803,4.549,12.701,8.357,6.136,18.372,4.697,5.584,7.217,9.062,8.789,8.860,21.964,20.317,7.860,6.230,8.835,8.806,9.706,8.139,6.309,23.098,10.411,9.239,7.226,5.009,5.813,20.533,29.305,8.255,10.588,5.727,5.482,5.354,21.160,4.488,6.932,10.637,8.278,8.153,7.518,10.551,8.070,6.036,6.026,4.679,5.878,8.169,6.334,6.524,6.775,5.552,,12.763,10.843,9.489,13.047,10.375,7.382,6.649,5.894,7.181,10.076,3.480,8.286,4.587,12.588,8.066,8.804,5.025,12.388,20.521,6.509,6.678,22.868,9.537,12.695,7.850,7.223,7.279,23.551,10.617,6.102,8.016,6.953,6.789,8.355,21.316,4.405
fold_4_2025_05_19_09_56_model_0.cif,19.182,8.816,24.252,11.425,10.570,12.967,12.043,9.555,21.557,24.058,9.137,8.360,11.333,27.499,9.794,18.653,9.847,13.578,15.061,13.162,10.947,10.064,17.020,5.996,9.755,23.543,22.671,11.086,13.861,7.824,13.707,8.452,13.840,8.945,27.781,6.060,12.458,8.462,11.115,9.808,25.670,20.927,13.650,14.449,14.865,12.141,11.291,24.522,11.821,12.820,8.451,8.738,8.357,14.600,10.376,9.357,10.659,9.014,11.960,11.247,15.910,12.254,9.740,9.633,10.694,12.763,,12.023,10.151,19.278,16.233,10.506,9.801,9.779,11.622,16.853,12.013,16.417,12.013,10.027,10.637,12.296,13.318,11.925,22.422,8.969,13.011,22.138,14.557,12.329,11.357,9.656,13.801,22.788,18.309,13.379,13.508,8.324,12.061,8.049,18.577,11.894
fold_5_2025_05_19_09_56_model_0.cif,14.546,6.106,27.017,7.850,7.810,13.950,9.586,13.881,26.122,25.579,13.894,7.477,11.518,34.301,10.154,13.128,10.128,14.193,15.635,10.933,8.591,13.889,9.830,9.785,14.980,25.644,23.961,8.304,13.164,12.308,11.398,12.164,12.718,11.140,26.791,10.065,9.708,8.727,9.106,12.164,23.380,30.677,16.168,15.198,11.991,10.155,12.600,23.870,7.952,11.567,15.308,11.575,11.230,13.601,16.997,14.504,10.267,8.226,10.709,12.827,15.529,13.184,8.032,11.470,10.578,10.843,12.023,,16.387,17.422,14.560,13.777,13.274,12.057,12.894,12.824,11.159,8.864,10.196,8.839,10.061,13.650,11.411,11.763,23.586,11.017,8.400,25.436,15.867,10.912,15.075,12.859,10.373,26.986,12.488,8.979,11.292,12.430,8.978,12.927,20.501,8.371
fold_6_2025_05_19_09_56_model_0.cif,16.866,12.102,20.601,12.296,10.871,7.796,11.001,5.675,19.857,21.014,4.775,10.861,8.784,29.457,8.284,17.813,10.678,8.090,18.951,10.292,10.767,4.494,16.020,9.062,4.587,20.453,19.771,12.177,9.813,7.316,12.675,8.978,11.439,7.326,24.007,10.270,13.276,9.523,10.562,6.789,23.307,22.310,6.272,12.578,11.796,10.666,7.389,22.131,11.111,10.864,6.831,9.013,8.521,11.142,4.516,4.997,9.676,9.523,9.735,7.526,10.777,8.016,10.827,7.572,8.974,9.489,10.151,16.387,,15.439,13.153,6.557,6.308,7.496,8.433,14.766,8.422,15.878,9.953,14.545,11.212,9.419,10.231,13.574,20.180,8.154,12.838,20.211,10.001,14.508,5.388,7.022,12.849,20.129,16.639,12.095,12.948,5.289,11.807,6.122,21.139,10.981
fold_7_2025_05_19_09_56_model_0.cif,8.178,15.099,21.002,14.899,14.012,10.786,13.734,14.608,24.460,20.956,15.566,16.210,11.305,35.890,14.028,8.283,17.275,11.504,25.067,11.028,15.216,13.522,10.006,16.662,13.171,20.187,20.930,15.969,11.863,16.842,10.625,13.729,9.039,13.016,19.297,17.299,11.419,15.513,14.436,15.307,18.509,27.712,12.324,18.745,13.940,13.097,15.047,19.339,13.453,9.142,17.688,17.950,17.204,10.688,15.769,17.131,14.653,13.529,13.567,12.279,10.301,11.209,15.700,14.585,15.303,13.047,19.278,17.422,15.439,,5.037,15.902,15.552,15.283,10.230,6.095,12.936,11.783,12.819,18.429,18.520,8.604,10.209,18.565,21.104,16.754,13.576,21.946,8.779,17.986,14.123,14.217,12.722,22.652,8.328,10.456,16.776,14.182,13.358,17.443,23.593,13.922
fold_8_2025_05_19_09_56_model_0.cif,8.087,12.016,21.189,11.991,11.001,9.029,10.812,11.690,23.205,20.655,12.623,13.304,8.336,35.114,11.044,7.986,13.679,9.516,21.588,8.048,11.996,11.194,8.865,13.218,10.762,19.912,20.042,12.518,9.009,13.768,6.505,10.297,6.653,9.746,20.170,14.785,8.619,12.655,11.461,11.890,18.673,27.654,10.865,16.426,12.011,9.762,12.038,19.202,10.156,6.201,14.489,14.495,14.404,9.554,13.787,14.208,11.735,10.720,10.389,9.698,9.574,8.431,12.444,11.825,11.877,10.375,16.233,14.560,13.153,5.037,,12.586,12.871,12.484,7.870,5.316,9.958,9.943,9.504,16.175,15.243,5.944,7.626,15.592,20.040,13.242,10.333,20.588,6.923,15.618,11.821,11.033,10.746,22.226,6.943,7.439,14.258,10.999,10.348,14.406,20.985,11.069
fold_9_2025_05_19_09_56_model_0.cif,16.194,9.736,23.346,10.511,9.119,8.468,9.502,6.468,21.851,22.933,4.465,8.930,7.190,31.399,6.573,17.045,8.634,7.698,17.573,8.775,8.172,6.006,14.391,6.828,6.141,22.431,21.105,9.642,7.568,7.915,9.957,7.864,10.476,5.728,25.560,10.301,11.207,7.441,8.866,3.650,24.021,25.780,7.862,11.380,10.740,7.648,5.845,23.222,7.780,9.950,6.582,7.167,8.223,11.607,7.909,5.808,7.909,8.047,8.072,7.592,11.397,6.621,8.617,5.794,6.392,7.382,10.506,13.777,6.557,15.902,12.586,,6.168,6.722,8.775,13.972,5.982,13.757,7.385,14.332,9.186,9.311,8.999,13.247,21.540,5.232,10.715,21.107,9.775,14.401,5.444,5.903,12.021,22.685,15.280,9.900,11.764,4.449,10.096,6.322,19.036,8.215
fold_binary_10_model_0.cif,14.831,9.763,21.477,8.641,7.694,6.596,7.960,5.192,20.959,21.235,5.242,8.214,7.883,30.988,5.634,16.317,8.424,7.366,18.176,8.383,8.089,5.687,13.557,7.201,6.403,20.945,19.683,9.334,9.308,6.430,11.505,8.950,10.436,6.839,23.844,8.571,11.514,7.374,7.812,5.459,21.801,24.857,7.943,10.699,8.543,8.399,5.648,21.593,8.389,9.235,6.742,6.255,5.813,9.689,6.742,5.453,6.327,7.400,7.323,5.173,9.090,6.734,7.600,7.118,6.426,6.649,9.801,13.274,6.308,15.552,12.871,6.168,,4.245,6.964,13.552,6.314,12.909,6.944,12.569,8.488,9.333,7.710,12.265,19.906,6.171,10.389,21.333,10.670,13.158,6.006,5.098,10.384,21.401,14.921,10.128,10.272,5.098,8.656,5.379,18.865,8.218
fold_binary_11_model_0.cif,14.062,8.671,21.919,7.622,6.906,6.309,6.948,5.355,21.665,21.496,5.319,7.153,7.338,32.065,5.046,15.523,7.838,7.553,17.830,7.838,6.872,5.945,12.501,7.126,7.179,21.176,19.745,8.777,8.847,6.965,10.785,8.898,9.508,6.267,23.616,7.541,10.472,6.634,6.455,5.461,21.254,25.670,8.351,9.497,7.738,6.878,5.089,21.258,7.200,8.331,7.364,6.264,5.821,9.409,7.337,5.872,5.612,6.510,6.621,5.017,9.067,6.831,6.326,6.592,6.386,5.894,9.779,12.057,7.496,15.283,12.484,6.722,4.245,,6.934,12.502,5.679,11.575,6.544,11.784,8.163,8.825,7.017,12.066,20.003,5.725,9.114,21.753,10.321,12.787,6.714,4.714,9.210,22.157,13.936,8.802,8.978,5.348,7.848,5.699,19.462,7.482
fold_binary_12_model_0.cif,10.347,9.169,20.864,8.601,7.922,5.181,8.237,6.598,22.041,20.783,7.316,9.089,5.926,32.855,6.198,11.790,10.575,6.497,20.179,6.610,9.075,6.721,10.049,8.983,6.219,19.883,19.854,10.198,7.613,9.447,8.253,8.317,6.778,6.054,21.805,9.916,8.206,8.432,8.322,7.869,20.032,25.364,7.911,13.119,8.869,7.139,8.124,20.331,8.115,5.408,9.502,9.517,8.699,7.813,8.387,9.385,6.889,7.265,7.766,3.982,6.774,5.413,8.486,8.172,8.583,7.181,11.622,12.894,8.433,10.230,7.870,8.775,6.964,6.934,,8.629,6.624,10.433,6.834,13.525,11.465,4.716,5.813,13.849,20.045,9.191,9.376,20.966,6.526,13.861,7.309,5.818,9.198,21.515,10.759,7.133,11.872,6.486,8.278,9.463,18.844,8.346
fold_binary_13_model_0.cif,5.644,11.372,22.162,10.415,10.041,9.656,10.162,12.705,24.701,21.427,13.732,12.778,8.749,36.492,11.262,5.065,13.514,10.705,21.587,7.576,11.220,12.128,6.156,13.893,12.372,21.094,20.987,11.758,10.453,14.379,8.251,12.004,7.519,10.486,20.839,14.355,8.715,12.403,11.084,12.775,18.700,29.240,11.995,16.270,11.196,9.658,12.592,19.510,9.260,6.494,16.074,14.671,13.887,9.163,14.953,15.220,10.900,10.173,10.570,10.227,9.690,9.823,11.474,12.454,11.921,10.076,16.853,12.824,14.766,6.095,5.316,13.972,13.552,12.502,8.629,,10.164,7.015,9.557,14.713,14.624,7.879,7.409,15.085,20.851,13.775,9.167,22.516,9.098,14.234,13.216,12.101,8.893,23.678,5.405,6.341,13.508,12.198,9.430,14.947,21.752,10.589
fold_binary_14_model_0.cif,12.125,8.035,22.057,7.553,6.052,5.542,5.895,6.913,22.247,21.322,6.379,7.418,5.260,33.440,4.716,13.137,8.026,5.468,18.235,4.714,5.515,6.036,9.740,7.980,7.419,21.049,19.610,7.752,5.867,8.327,8.276,8.644,7.778,5.079,22.753,9.839,9.124,6.376,5.552,4.659,20.661,28.242,6.967,10.462,5.925,5.102,4.560,20.659,4.429,6.814,9.579,7.839,7.995,8.126,9.736,7.346,5.977,5.648,4.841,5.581,8.289,4.771,6.792,5.255,4.990,3.480,12.013,11.159,8.422,12.936,9.958,5.982,6.314,5.679,6.624,10.164,,9.139,4.513,12.797,8.060,7.806,4.974,12.431,20.000,5.938,7.193,21.479,8.950,12.784,6.488,6.373,8.081,22.510,10.962,6.217,8.838,5.721,6.751,7.483,20.521,4.460
fold_binary_15_model_0.cif,8.081,9.719,24.766,7.482,7.423,10.673,7.480,13.156,26.356,23.363,13.907,10.717,9.699,36.518,9.898,7.623,11.141,11.485,18.880,7.219,8.430,12.968,4.361,13.005,14.186,23.671,22.214,8.605,10.691,13.312,9.099,12.950,9.336,10.999,22.964,13.310,9.200,10.823,8.378,12.118,19.677,32.563,13.587,14.197,8.833,8.408,11.330,21.155,6.775,7.846,16.259,12.955,12.548,9.703,16.434,14.750,9.654,9.018,8.745,10.775,11.131,10.724,9.023,11.927,10.091,8.286,16.417,8.864,15.878,11.783,9.943,13.757,12.909,11.575,10.433,7.015,9.139,,8.086,12.106,11.385,11.115,7.273,12.694,21.903,11.939,5.990,25.089,12.683,11.805,14.053,12.428,6.887,26.304,6.129,5.582,10.214,12.531,6.826,13.900,21.710,8.049
fold_binary_16_model_0.cif,11.503,7.714,22.611,6.552,4.373,6.960,4.495,7.685,21.870,21.259,7.677,8.134,6.152,33.183,5.075,12.075,6.304,7.757,16.625,4.433,4.716,7.960,9.149,8.260,8.736,21.170,19.601,5.989,6.636,7.846,7.255,7.833,7.469,6.243,23.286,10.116,8.350,7.309,4.987,5.626,20.549,28.173,9.765,11.446,7.728,5.205,5.466,20.674,4.474,6.201,9.526,7.522,8.376,8.316,11.034,8.153,6.525,6.196,3.724,6.068,9.826,5.321,6.213,7.333,4.950,4.587,12.013,10.196,9.953,12.819,9.504,7.385,6.944,6.544,6.834,9.557,4.513,8.086,,11.917,7.571,7.800,4.492,10.618,19.540,6.022,5.376,21.166,9.894,11.743,8.935,6.278,7.452,22.726,10.075,5.411,8.546,6.290,4.720,7.984,19.814,6.007
fold_binary_17_model_0.cif,16.545,9.255,25.346,9.231,8.657,13.665,10.095,13.064,24.160,24.321,13.627,9.840,12.256,30.472,11.413,14.806,9.512,15.627,14.352,12.365,9.771,13.074,13.768,10.763,13.970,25.296,23.360,8.677,15.752,9.456,14.156,11.811,13.986,11.712,27.427,8.162,12.487,10.237,10.210,12.843,24.115,25.097,15.639,14.493,13.893,12.841,12.549,23.698,10.947,12.447,14.423,11.440,10.072,13.511,15.011,12.902,11.177,8.951,11.929,13.362,16.269,14.067,9.410,12.012,11.159,12.588,10.027,8.839,14.545,18.429,16.175,14.332,12.569,11.784,13.525,14.713,12.797,12.106,11.917,,9.862,14.292,12.475,7.892,22.346,11.081,10.263,25.334,17.008,6.301,15.141,13.525,9.986,25.175,15.438,12.247,10.925,11.922,9.420,10.806,21.195,11.702
fold_binary_18_model_0.cif,16.170,9.301,25.693,6.695,6.106,11.451,7.047,9.734,23.363,24.234,8.922,8.401,10.318,31.755,7.404,15.954,4.155,12.205,12.294,8.642,5.349,10.359,13.579,8.801,11.454,24.728,22.535,5.257,11.400,6.742,12.222,10.271,13.215,8.719,27.645,9.723,12.941,8.368,6.901,6.878,24.361,28.115,12.943,11.184,10.363,9.189,7.407,24.224,7.162,11.089,10.030,5.477,6.227,12.427,12.440,7.881,7.532,8.057,7.146,9.812,14.315,10.806,5.616,9.333,5.083,8.066,10.637,10.061,11.212,18.520,15.243,9.186,8.488,8.163,11.465,14.624,8.060,11.385,7.571,9.862,,13.095,10.083,8.070,22.083,5.544,7.142,24.014,15.289,8.839,11.514,9.499,9.504,25.322,14.668,10.508,8.472,8.637,7.516,6.553,20.601,8.215
fold_binary_19_model_0.cif,10.957,9.537,20.775,10.746,9.151,6.208,9.240,8.031,21.437,20.366,8.513,10.439,5.700,32.643,7.901,11.311,11.460,7.419,20.628,7.589,9.980,7.500,10.481,9.629,6.641,19.409,19.324,11.082,7.665,10.504,6.858,6.806,4.711,6.560,21.429,10.666,7.081,9.101,9.221,8.848,19.883,24.766,8.627,14.042,10.745,7.469,9.051,19.618,8.946,5.040,10.317,11.453,11.244,8.219,9.834,10.440,9.542,7.933,8.629,6.717,8.857,5.229,10.256,8.246,9.930,8.804,12.296,13.650,9.419,8.604,5.944,9.311,9.333,8.825,4.716,7.879,7.806,11.115,7.800,14.292,13.095,,6.568,14.591,19.569,10.120,10.153,19.691,5.157,14.834,8.419,7.255,9.851,21.034,10.276,7.260,12.436,7.128,9.031,10.660,19.426,9.498
fold_binary_1_model_0.cif,9.206,8.818,20.782,7.682,5.862,4.714,5.022,8.093,21.770,19.659,9.037,9.296,5.627,34.572,6.448,10.430,8.983,6.521,19.416,4.182,7.011,7.665,7.911,9.770,8.700,19.738,18.278,8.111,7.445,9.336,7.620,9.087,5.527,6.919,20.674,10.529,8.254,8.118,6.058,7.652,18.165,28.454,8.529,11.578,6.480,5.998,6.719,18.522,5.745,5.014,11.330,9.978,9.712,5.982,11.122,9.725,7.438,6.565,5.148,5.841,7.191,4.844,7.916,7.741,7.073,5.025,13.318,11.411,10.231,10.209,7.626,8.999,7.710,7.017,5.813,7.409,4.974,7.273,4.492,12.475,10.083,6.568,,12.321,18.345,8.586,6.670,20.891,8.346,12.657,8.976,7.568,6.516,21.640,8.732,5.082,8.708,7.342,5.113,9.627,20.358,6.736
fold_binary_20_model_0.cif,16.818,11.929,25.615,9.499,8.839,14.144,9.859,12.351,23.402,24.269,12.919,12.467,12.776,30.058,11.689,15.157,6.862,15.903,9.933,11.427,9.271,13.142,14.953,12.036,13.859,25.323,23.314,7.006,14.886,8.024,13.210,11.326,14.740,11.803,27.990,11.822,14.228,12.474,10.560,11.642,24.727,25.550,15.460,14.737,14.564,12.967,11.692,24.433,11.008,12.550,12.941,9.914,10.090,14.447,14.516,11.499,11.439,11.099,10.766,13.149,16.888,13.745,9.701,13.126,9.582,12.388,11.925,11.763,13.574,18.565,15.592,13.247,12.265,12.066,13.849,15.085,12.431,12.694,10.618,7.892,8.070,14.591,12.321,,21.949,10.053,8.894,24.383,17.258,5.060,15.127,12.808,10.992,25.314,14.924,12.602,11.670,11.477,8.961,9.756,21.039,12.789
fold_binary_21_model_0.cif,21.832,22.315,10.201,21.394,20.071,18.493,19.327,19.982,9.595,5.344,21.178,22.654,19.900,27.995,21.559,22.168,20.509,19.527,27.387,19.363,20.822,19.433,21.722,21.834,20.154,9.124,4.661,21.358,22.048,19.706,21.544,20.636,19.221,20.710,14.015,21.549,22.491,21.028,20.410,20.522,11.462,29.988,20.116,22.451,19.707,21.350,19.501,7.247,21.059,19.872,21.630,21.788,21.897,18.329,21.325,20.065,21.241,20.138,18.851,19.568,20.141,18.807,21.456,20.706,19.788,20.521,22.422,23.586,20.180,21.104,20.040,21.540,19.906,20.003,20.045,20.851,20.000,21.903,19.540,22.346,22.083,19.569,18.345,21.949,,21.131,20.899,11.108,21.005,22.656,20.956,19.981,19.507,9.959,21.936,20.556,20.036,19.952,19.245,20.158,30.016,21.261
fold_binary_22_model_0.cif,15.825,8.005,24.134,7.865,6.267,8.936,6.826,6.630,21.973,23.098,5.619,7.106,7.620,31.260,5.236,16.030,5.332,9.173,14.503,7.902,4.861,7.045,13.326,6.136,8.064,23.042,21.115,6.598,8.317,5.323,10.013,7.326,10.545,5.783,26.239,8.459,10.720,6.291,6.013,3.762,23.634,26.138,10.089,10.145,9.822,7.040,4.608,23.102,6.272,9.183,7.003,4.997,6.532,10.757,9.533,4.980,6.794,6.335,5.909,7.754,12.493,7.649,5.843,6.161,4.298,6.509,8.969,11.017,8.154,16.754,13.242,5.232,6.171,5.725,9.191,13.775,5.938,11.939,6.022,11.081,5.544,10.120,8.586,10.053,21.131,,8.116,22.034,11.864,11.238,7.952,6.257,9.644,23.536,14.367,9.119,8.818,5.222,7.622,4.410,19.637,6.821
fold_binary_23_model_0.cif,10.720,7.995,24.584,5.467,4.367,9.722,4.844,10.246,23.983,22.888,10.754,8.804,8.047,34.966,7.336,10.301,6.271,10.825,14.861,5.242,5.120,10.839,8.295,10.136,11.894,23.248,21.474,4.541,9.377,9.236,7.919,9.659,9.213,8.162,24.665,11.104,9.011,9.029,5.701,8.586,21.242,30.107,12.550,12.989,9.150,6.766,8.305,21.810,4.973,6.961,12.499,9.074,9.424,9.647,13.886,10.789,7.866,7.076,5.535,8.971,12.120,9.216,6.013,9.773,6.482,6.678,13.011,8.400,12.838,13.576,10.333,10.715,10.389,9.114,9.376,9.167,7.193,5.990,5.376,10.263,7.142,10.153,6.670,8.894,20.899,8.116,,23.335,12.406,9.237,12.278,9.695,6.193,25.020,8.556,5.800,8.286,9.292,4.586,9.992,20.789,7.096
fold_binary_24_model_0.cif,24.681,23.384,11.744,23.493,22.588,20.768,22.639,20.861,8.716,10.488,20.966,23.718,21.136,23.997,23.062,24.689,22.078,20.565,27.479,21.488,22.896,20.137,24.379,21.732,19.695,9.607,10.599,23.329,22.318,21.396,21.773,20.250,20.867,21.124,16.847,22.986,23.367,21.960,23.121,20.903,17.590,26.324,20.668,24.982,23.108,22.433,21.148,12.751,22.563,21.575,20.689,22.320,23.210,22.011,21.093,20.942,22.521,21.754,21.242,20.699,22.101,19.688,22.902,21.533,21.239,22.868,22.138,25.436,20.211,21.946,20.588,21.107,21.333,21.753,20.966,22.516,21.479,25.089,21.166,25.334,24.014,19.691,20.891,24.383,11.108,22.034,23.335,,20.881,25.427,20.676,19.871,23.523,9.167,24.223,21.991,24.324,20.222,22.212,21.241,28.264,23.045
fold_binary_25_model_0.cif,11.071,11.579,21.145,12.867,11.714,7.261,11.510,8.721,23.059,21.367,9.725,12.023,6.755,34.692,9.503,12.499,14.141,7.192,23.292,8.994,12.029,8.157,11.686,11.334,7.564,20.032,20.287,13.685,7.672,12.958,8.102,9.882,6.652,7.972,21.295,13.180,8.718,11.146,11.413,10.037,20.450,26.056,7.964,14.747,11.877,8.572,10.628,20.567,10.409,7.348,11.972,13.399,13.135,9.142,10.180,11.869,10.796,9.978,10.665,8.246,8.325,7.025,12.326,9.533,11.550,9.537,14.557,15.867,10.001,8.779,6.923,9.775,10.670,10.321,6.526,9.098,8.950,12.683,9.894,17.008,15.289,5.157,8.346,17.258,21.005,11.864,12.406,20.881,,17.356,8.461,8.948,11.732,21.819,11.447,8.754,14.327,8.799,11.863,12.682,20.597,10.539
fold_binary_26_model_0.cif,15.821,11.621,25.755,8.915,9.076,14.288,10.481,13.278,24.534,24.628,13.938,12.135,12.626,30.429,12.277,13.641,8.725,16.088,11.983,11.540,9.649,13.392,14.119,12.627,14.342,25.769,23.915,7.666,15.670,9.357,13.850,12.487,14.944,11.953,27.943,11.746,14.125,12.345,11.209,12.760,24.579,25.660,15.545,15.268,14.411,13.381,12.765,24.325,10.964,12.424,14.769,11.196,10.189,14.036,15.336,13.017,11.080,10.529,11.857,13.623,16.630,14.519,9.672,13.372,10.231,12.695,12.329,10.912,14.508,17.986,15.618,14.401,13.158,12.787,13.861,14.234,12.784,11.805,11.743,6.301,8.839,14.834,12.657,5.060,22.656,11.238,9.237,25.427,17.356,,15.596,13.990,10.003,25.819,14.383,12.592,12.135,12.472,9.343,11.012,21.495,12.437
fold_binary_27_model_0.cif,15.340,11.024,20.988,11.268,10.479,6.730,10.760,6.479,21.439,21.602,4.930,9.512,7.747,31.161,7.431,16.766,11.419,5.106,20.346,9.444,10.269,4.584,13.785,8.491,5.003,20.673,20.131,12.136,8.016,9.449,11.051,9.406,10.260,6.801,22.915,10.553,11.656,8.104,10.161,6.203,22.381,24.641,4.557,11.951,9.688,8.869,7.034,21.815,9.357,9.716,8.030,9.165,8.681,10.758,6.041,7.063,8.061,8.509,9.329,6.367,8.270,6.598,9.875,6.482,8.359,7.850,11.357,15.075,5.388,14.123,11.821,5.444,6.006,6.714,7.309,13.216,6.488,14.053,8.935,15.141,11.514,8.419,8.976,15.127,20.956,7.952,12.278,20.676,8.461,15.596,,6.151,12.454,21.175,14.910,10.202,12.940,5.853,11.391,7.689,19.955,8.769
fold_binary_28_model_0.cif,14.025,9.186,21.469,8.536,8.000,7.268,8.567,5.224,20.694,21.243,4.622,8.231,7.359,30.579,5.790,15.360,8.277,7.430,17.607,7.979,8.192,6.401,12.809,6.897,5.907,20.266,19.782,9.426,7.797,7.697,9.339,7.314,9.184,5.829,23.523,9.163,9.989,7.513,8.098,5.138,21.660,24.425,8.593,11.910,9.741,7.039,6.183,21.466,7.894,7.942,5.607,6.119,7.118,10.611,6.778,6.394,6.349,7.552,7.215,4.227,9.498,5.976,7.138,7.560,6.841,7.223,9.656,12.859,7.022,14.217,11.033,5.903,5.098,4.714,5.818,12.101,6.373,12.428,6.278,13.525,9.499,7.255,7.568,12.808,19.981,6.257,9.695,19.871,8.948,13.990,6.151,,10.911,21.218,13.693,8.629,11.608,4.627,8.826,6.715,18.067,8.599
fold_binary_29_model_0.cif,9.876,9.032,22.968,7.482,5.731,8.246,5.304,10.184,23.474,21.198,11.748,9.711,7.211,35.394,8.358,9.653,9.198,10.574,18.615,6.144,6.683,10.199,8.780,11.343,11.820,22.165,19.997,7.533,11.018,9.714,9.994,10.872,7.961,8.897,23.241,10.663,9.221,9.320,6.715,10.119,19.491,29.711,11.960,12.698,8.740,7.929,8.804,19.878,7.158,6.760,13.958,11.172,10.322,6.327,13.812,11.311,8.720,6.864,7.061,9.422,11.157,9.266,8.179,9.785,8.195,7.279,13.801,10.373,12.849,12.722,10.746,12.021,10.384,9.210,9.198,8.893,8.081,6.887,7.452,9.986,9.504,9.851,6.516,10.992,19.507,9.644,6.193,23.523,11.732,10.003,12.454,10.911,,23.837,9.459,7.502,7.535,10.135,5.345,10.559,22.047,7.824
fold_binary_2_model_0.cif,25.021,24.598,6.838,24.544,23.560,20.685,23.439,21.124,7.739,8.494,22.024,24.522,21.988,23.461,23.834,25.684,23.796,20.906,30.333,22.647,24.274,20.246,25.353,23.103,20.261,7.555,9.463,25.024,23.902,21.837,24.269,22.269,21.930,22.353,14.823,23.167,24.860,23.018,23.963,22.413,16.593,25.652,20.464,25.421,23.076,24.068,22.224,12.045,24.197,22.696,22.068,23.669,23.544,21.504,20.868,21.539,23.210,22.504,22.517,21.238,21.581,20.919,24.164,22.403,22.733,23.551,22.788,26.986,20.129,22.652,22.226,22.685,21.401,22.157,21.515,23.678,22.510,26.304,22.726,25.175,25.322,21.034,21.640,25.314,9.959,23.536,25.020,9.167,21.819,25.819,21.175,21.218,23.837,,25.736,23.594,24.540,21.135,23.393,21.920,30.321,24.158
fold_binary_30_model_0.cif,6.339,12.188,23.911,10.856,10.528,11.463,10.485,14.082,26.421,22.908,15.316,13.488,10.548,38.538,12.003,5.965,13.933,11.910,20.889,8.485,11.471,14.067,5.735,15.036,14.837,22.607,22.112,11.676,10.915,15.397,8.043,13.499,9.158,12.182,21.502,16.026,9.315,13.667,11.363,13.930,18.913,31.955,13.860,17.164,11.407,10.063,13.419,20.698,9.754,7.453,17.574,15.524,15.377,10.484,17.238,16.446,12.344,11.441,10.656,11.953,11.455,11.468,12.149,13.815,12.430,10.617,18.309,12.488,16.639,8.328,6.943,15.280,14.921,13.936,10.759,5.405,10.962,6.129,10.075,15.438,14.668,10.276,8.732,14.924,21.936,14.367,8.556,24.223,11.447,14.383,14.910,13.693,9.459,25.736,,7.320,13.499,13.999,9.835,16.083,22.557,10.661
fold_binary_3_model_0.cif,9.087,7.198,22.861,7.313,6.101,7.858,6.409,9.737,23.655,21.859,10.082,8.304,6.056,35.100,6.925,9.182,9.524,8.008,18.558,5.198,6.940,9.278,5.471,9.559,10.078,21.506,20.492,8.057,7.021,10.925,5.845,9.264,6.238,7.142,22.172,10.932,6.449,7.860,6.662,8.522,19.879,29.682,10.258,13.095,8.222,5.260,8.565,20.320,4.472,5.564,12.600,10.637,10.464,8.386,12.814,11.527,7.634,6.273,6.447,7.675,9.268,6.992,7.327,8.338,7.950,6.102,13.379,8.979,12.095,10.456,7.439,9.900,10.128,8.802,7.133,6.341,6.217,5.582,5.411,12.247,10.508,7.260,5.082,12.602,20.556,9.119,5.800,21.991,8.754,12.592,10.202,8.629,7.502,23.594,7.320,,10.084,8.539,6.369,11.080,20.436,5.927
fold_binary_4_model_0.cif,14.642,10.211,24.255,9.418,7.241,9.886,5.504,11.011,23.241,22.322,11.529,10.029,10.112,34.805,8.487,14.917,8.643,11.658,17.633,8.926,7.103,11.121,12.193,11.251,12.695,23.338,20.239,8.484,11.597,9.521,12.484,11.500,10.669,10.299,24.694,10.407,12.070,9.389,5.462,9.754,21.113,29.768,13.254,9.291,8.978,9.153,8.219,21.283,8.492,10.309,13.016,10.690,10.665,9.200,14.375,10.304,10.369,8.710,7.096,10.743,13.220,10.362,8.992,9.545,8.774,8.016,13.508,11.292,12.948,16.776,14.258,11.764,10.272,8.978,11.872,13.508,8.838,10.214,8.546,10.925,8.472,12.436,8.708,11.670,20.036,8.818,8.286,24.324,14.327,12.135,12.940,11.608,7.535,24.540,13.499,10.084,,10.392,7.255,9.969,22.935,8.571
fold_binary_5_model_0.cif,14.665,8.006,21.803,9.080,7.116,6.711,7.618,4.895,20.454,21.349,3.788,7.726,5.674,30.355,5.069,15.131,7.331,7.403,16.948,7.539,7.219,4.517,12.961,5.703,4.186,20.915,19.810,8.452,7.652,5.635,9.150,5.792,8.533,4.041,24.212,7.704,9.549,6.272,7.030,3.945,22.487,23.915,7.555,11.289,9.976,7.054,5.499,21.585,7.332,8.067,5.833,6.674,6.772,9.719,6.740,5.050,7.031,6.111,6.769,5.806,10.335,5.304,7.488,4.848,6.325,6.953,8.324,12.430,5.289,14.182,10.999,4.449,5.098,5.348,6.486,12.198,5.721,12.531,6.290,11.922,8.637,7.128,7.342,11.477,19.952,5.222,9.292,20.222,8.799,12.472,5.853,4.627,10.135,21.135,13.999,8.539,10.392,,8.188,5.106,19.050,7.898
fold_binary_6_model_0.cif,11.282,7.789,23.086,5.989,3.661,8.188,3.515,9.393,22.331,21.244,10.020,8.793,7.282,33.805,6.965,10.841,6.067,10.123,16.065,5.599,5.036,9.514,8.916,9.361,10.542,21.904,19.774,4.634,9.797,7.681,8.515,8.678,7.885,7.757,23.561,9.409,8.849,7.709,4.963,8.215,20.112,28.515,11.710,11.587,8.238,6.918,7.243,20.215,5.603,6.720,11.459,8.746,8.823,8.049,12.861,9.942,7.632,6.291,5.127,8.055,11.176,7.481,6.444,8.581,6.323,6.789,12.061,8.978,11.807,13.358,10.348,10.096,8.656,7.848,8.278,9.430,6.751,6.826,4.720,9.420,7.516,9.031,5.113,8.961,19.245,7.622,4.586,22.212,11.863,9.343,11.391,8.826,5.345,23.393,9.835,6.369,7.255,8.188,,8.848,19.757,7.173
fold_binary_7_model_0.cif,17.088,9.636,22.568,9.320,7.645,8.881,8.248,6.190,20.357,21.840,5.039,8.490,8.643,29.389,6.696,17.330,6.367,9.805,15.075,9.385,7.174,6.165,15.066,6.981,7.336,22.062,20.210,8.281,10.594,3.773,12.174,8.092,11.731,6.935,25.796,7.599,12.463,7.264,7.900,5.241,23.645,23.926,9.416,10.926,10.781,9.236,5.580,22.566,8.777,10.461,6.452,5.706,5.580,11.242,7.571,3.349,7.873,7.375,7.513,7.994,12.617,8.458,7.480,6.764,5.957,8.355,8.049,12.927,6.122,17.443,14.406,6.322,5.379,5.699,9.463,14.947,7.483,13.900,7.984,10.806,6.553,10.660,9.627,9.756,20.158,4.410,9.992,21.241,12.682,11.012,7.689,6.715,10.559,21.920,16.083,11.080,9.969,5.106,8.848,,20.233,9.118
fold_binary_8_model_0.cif,22.581,19.678,31.260,18.702,20.042,21.544,21.047,19.125,30.273,31.340,19.311,19.680,20.052,30.933,19.707,23.127,19.702,21.653,23.047,20.783,20.670,20.747,22.650,17.620,19.163,30.065,30.463,19.170,21.471,20.169,19.096,18.609,21.135,19.212,32.232,19.396,19.713,19.460,21.123,19.668,29.210,27.375,22.076,21.535,22.215,19.404,20.748,30.856,19.787,19.740,17.658,17.806,18.873,23.091,19.849,21.301,18.274,19.959,21.384,19.011,21.214,19.946,18.651,20.912,19.481,21.316,18.577,20.501,21.139,23.593,20.985,19.036,18.865,19.462,18.844,21.752,20.521,21.710,19.814,21.195,20.601,19.426,20.358,21.039,30.016,19.637,20.789,28.264,20.597,21.495,19.955,18.067,22.047,30.321,22.557,20.436,22.935,19.050,19.757,20.233,,20.982
fold_binary_9_model_0.cif,12.324,6.222,23.693,7.003,5.712,7.873,6.204,8.981,23.858,22.752,8.779,5.581,6.481,34.417,5.264,12.649,8.960,7.268,18.064,6.168,5.343,8.121,8.437,7.653,9.841,22.600,20.868,7.708,7.220,9.534,8.590,9.696,8.687,6.387,23.693,9.505,8.249,5.567,5.458,6.754,21.149,29.768,9.605,11.269,6.551,5.622,6.918,21.479,3.795,7.744,11.740,8.989,8.749,8.710,12.230,9.581,6.677,4.752,6.019,7.927,9.972,7.492,6.330,6.089,6.147,4.405,11.894,8.371,10.981,13.922,11.069,8.215,8.218,7.482,8.346,10.589,4.460,8.049,6.007,11.702,8.215,9.498,6.736,12.789,21.261,6.821,7.096,23.045,10.539,12.437,8.769,8.599,7.824,24.158,10.661,5.927,8.571,7.898,7.173,9.118,20.982,
