model,fold_10_model_0.cif,fold_112025_05_19_11_49_model_0.cif,fold_1_2025_05_19_10_11_model_0.cif,fold_2025_04_11_15_15_rt_s47_stx3_syb2_1_model_0.cif,fold_2025_04_11_15_15_rt_s47_stx3_syb2_2_model_0.cif,fold_2025_04_11_15_16_rt_s47_stx3_syb2_3_model_0.cif,fold_2025_05_19_11_5012_model_0.cif,fold_2025_05_19_11_5013_model_0.cif,fold_2025_05_19_11_5014_model_0.cif,fold_2025_05_19_11_5015_model_0.cif,fold_2025_05_19_11_5016_model_0.cif,fold_2025_05_19_11_5017_model_0.cif,fold_2025_05_19_11_5018_model_0.cif,fold_2025_05_19_11_5019_model_0.cif,fold_2025_05_19_11_5020_model_0.cif,fold_2025_05_19_11_5121_model_0.cif,fold_2025_05_19_11_5122_model_0.cif,fold_2025_05_19_11_5223_model_0.cif,fold_2025_05_19_11_5224_model_0.cif,fold_2025_05_19_11_5225_model_0.cif,fold_2025_05_19_11_5226_model_0.cif,fold_2025_05_19_11_5227_model_0.cif,fold_2025_05_19_11_5228_model_0.cif,fold_2025_05_19_11_5229_model_0.cif,fold_2025_05_19_11_5230_model_0.cif,fold_2025_05_19_12_01_rt_s47_stx3_syb2_10_model_0.cif,fold_2025_05_19_12_01_rt_s47_stx3_syb2_11_model_0.cif,fold_2025_05_19_12_01_rt_s47_stx3_syb2_12_model_0.cif,fold_2025_05_19_12_01_rt_s47_stx3_syb2_13_model_0.cif,fold_2025_05_19_12_01_rt_s47_stx3_syb2_4_model_0.cif,fold_2025_05_19_12_01_rt_s47_stx3_syb2_5_model_0.cif,fold_2025_05_19_12_01_rt_s47_stx3_syb2_6_model_0.cif,fold_2025_05_19_12_01_rt_s47_stx3_syb2_7_model_0.cif,fold_2025_05_19_12_01_rt_s47_stx3_syb2_8_model_0.cif,fold_2025_05_19_12_01_rt_s47_stx3_syb2_9_model_0.cif,fold_2025_05_19_12_02_rt_s47_stx3_syb2_14_model_0.cif,fold_2025_05_19_12_02_rt_s47_stx3_syb2_15_model_0.cif,fold_2025_05_19_13_21_rt_s47_stx3_syb2_16_model_0.cif,fold_2025_05_19_13_21_rt_s47_stx3_syb2_17_model_0.cif,fold_2025_05_19_13_22_rt_s47_stx3_syb2_18_model_0.cif,fold_2025_05_19_13_34_31_model_0.cif,fold_2025_05_19_13_34_32_model_0.cif,fold_2025_05_19_13_34_33_model_0.cif,fold_2025_05_19_13_34_34_model_0.cif,fold_2025_05_19_13_34_35_model_0.cif,fold_2_2025_05_19_10_11_model_0.cif,fold_3_2025_05_19_10_12_model_0.cif,fold_4_model_0.cif,fold_5_model_0.cif,fold_6_model_0.cif,fold_7_model_0.cif,fold_8_model_0.cif,fold_9_model_0.cif,fold_tertiary_10_model_0.cif,fold_tertiary_11_model_0.cif,fold_tertiary_12_model_0.cif,fold_tertiary_13_model_0.cif,fold_tertiary_14_model_0.cif,fold_tertiary_15_model_0.cif,fold_tertiary_16_model_0.cif,fold_tertiary_17_model_0.cif,fold_tertiary_18_model_0.cif,fold_tertiary_19_model_0.cif,fold_tertiary_1_model_0.cif,fold_tertiary_20_model_0.cif,fold_tertiary_21_model_0.cif,fold_tertiary_22_model_0.cif,fold_tertiary_23_model_0.cif,fold_tertiary_24_model_0.cif,fold_tertiary_25_model_0.cif,fold_tertiary_26_model_0.cif,fold_tertiary_27_model_0.cif,fold_tertiary_28_model_0.cif,fold_tertiary_29_model_0.cif,fold_tertiary_2_model_0.cif,fold_tertiary_30_model_0.cif,fold_tertiary_31_model_0.cif,fold_tertiary_32_model_0 copy.cif,fold_tertiary_32_model_0.cif,fold_tertiary_33_model_0.cif,fold_tertiary_34_model_0.cif,fold_tertiary_35_model_0.cif,fold_tertiary_36_model_0.cif,fold_tertiary_37_model_0.cif,fold_tertiary_38_model_0.cif,fold_tertiary_39_model_0.cif,fold_tertiary_3_model_0.cif,fold_tertiary_40_model_0.cif,fold_tertiary_41_model_0.cif,fold_tertiary_42_model_0.cif,fold_tertiary_43_model_0.cif,fold_tertiary_44_model_0.cif,fold_tertiary_45_model_0.cif,fold_tertiary_46_model_0.cif,fold_tertiary_47_model_0.cif,fold_tertiary_48_model_0.cif,fold_tertiary_4_model_0.cif,fold_tertiary_5_model_0 copy.cif,fold_tertiary_5_model_0.cif,fold_tertiary_7_model_0.cif,fold_tertiary_8_model_0.cif,fold_tertiary_9_model_0.cif
fold_10_model_0.cif,,24.141,18.233,20.956,13.004,9.293,16.824,10.508,8.972,20.394,5.663,7.342,10.582,15.521,26.601,23.685,18.247,24.563,9.071,4.511,8.314,9.905,8.069,23.598,27.694,19.132,21.995,5.545,5.439,5.688,6.125,7.210,7.714,22.169,28.468,16.810,5.897,7.895,4.608,24.797,6.511,5.363,4.830,24.552,25.075,21.686,7.032,10.236,4.115,6.929,17.898,13.688,18.362,10.529,7.303,6.294,6.056,3.654,23.975,18.609,10.894,17.574,24.057,18.813,6.072,8.012,21.478,6.321,20.220,29.253,5.289,4.216,6.625,22.953,6.515,6.115,5.890,7.221,7.221,23.113,10.651,7.746,8.465,8.378,18.604,13.911,18.669,5.761,24.590,18.500,6.107,19.330,23.585,7.213,7.759,5.495,24.459,14.709,4.928,9.189,15.847,5.057
fold_112025_05_19_11_49_model_0.cif,24.141,,23.950,13.228,24.217,28.186,20.558,22.538,24.473,26.488,23.876,26.704,24.518,16.537,15.580,26.064,25.923,28.731,27.591,24.266,27.157,28.563,22.838,11.772,21.406,26.654,11.825,25.564,24.928,23.980,24.040,26.423,24.140,10.702,19.537,24.236,25.442,24.247,24.618,12.249,24.325,26.130,23.767,26.362,12.280,29.184,25.410,27.139,25.239,25.233,24.420,21.608,25.587,25.883,24.966,24.753,23.297,24.249,21.972,27.217,22.390,23.948,9.902,12.548,23.394,23.496,16.342,25.747,10.885,20.902,24.717,24.496,24.900,25.487,26.988,25.279,25.068,24.383,24.383,28.941,24.909,24.930,24.553,25.472,25.561,25.985,25.160,26.066,30.527,19.158,23.498,23.206,30.725,26.617,25.321,23.759,14.736,23.679,24.758,25.800,27.959,24.878
fold_1_2025_05_19_10_11_model_0.cif,18.233,23.950,,23.594,21.202,21.039,9.893,19.140,19.634,9.059,19.181,20.973,20.404,22.354,26.265,15.123,7.852,16.218,19.811,17.968,21.348,22.462,19.741,22.436,21.479,8.809,22.399,19.187,18.089,19.970,19.358,21.036,18.187,22.062,29.885,9.871,18.318,19.541,19.689,24.082,19.318,18.483,19.384,22.926,26.113,17.842,17.841,21.181,18.343,19.497,9.300,12.240,11.170,19.664,17.823,18.435,19.830,18.708,25.574,8.917,21.393,9.213,23.195,21.450,19.222,20.641,25.464,18.155,21.393,27.128,18.664,17.670,18.261,30.931,18.943,18.592,18.349,18.625,18.625,16.024,17.963,19.021,18.017,20.204,10.144,22.289,7.517,20.083,15.742,22.072,17.373,9.220,16.849,20.943,19.318,19.556,23.319,21.946,18.707,17.765,22.464,17.311
fold_2025_04_11_15_15_rt_s47_stx3_syb2_1_model_0.cif,20.956,13.228,23.594,,23.516,21.534,20.538,22.521,23.534,26.561,22.847,23.211,23.974,13.094,16.279,25.936,23.833,27.170,22.217,21.862,20.946,22.107,22.262,14.219,20.127,24.114,14.577,22.290,21.687,22.207,22.758,21.007,22.328,11.769,18.775,22.389,22.112,23.346,22.773,15.849,23.677,21.624,21.798,26.585,14.617,26.016,21.904,20.472,22.115,21.878,21.519,18.608,24.423,22.422,22.222,22.862,22.487,21.774,24.790,26.521,23.584,20.385,11.543,14.653,21.727,23.061,7.575,22.490,10.303,24.090,22.150,21.835,22.913,28.938,22.200,21.729,23.223,22.330,22.330,24.704,22.198,23.850,23.691,21.581,24.233,24.460,24.494,21.353,29.233,20.581,22.329,23.448,27.725,21.355,22.563,22.091,19.023,24.129,22.789,22.141,25.082,21.084
fold_2025_04_11_15_15_rt_s47_stx3_syb2_2_model_0.cif,13.004,24.217,21.202,23.516,,16.446,19.293,6.368,7.211,22.845,11.569,18.380,6.787,20.571,27.289,26.247,21.154,24.909,13.236,10.830,16.388,19.214,9.281,23.286,31.068,22.091,22.056,11.077,10.783,13.538,11.256,15.171,8.490,21.875,28.088,20.467,11.334,12.746,13.625,26.100,12.305,13.090,14.740,27.885,27.360,26.744,9.585,16.068,12.349,11.329,21.568,16.760,23.554,9.303,11.811,10.991,12.439,11.353,21.603,21.302,11.263,21.135,25.187,19.856,9.168,11.559,24.402,12.413,21.773,30.736,11.714,11.745,9.901,21.127,14.155,13.251,10.692,14.470,14.470,25.999,8.016,12.260,11.091,15.719,23.013,6.359,20.958,14.520,23.728,13.850,9.872,22.381,28.779,15.558,11.280,14.195,23.283,4.017,10.912,10.332,11.285,11.730
fold_2025_04_11_15_16_rt_s47_stx3_syb2_3_model_0.cif,9.293,28.186,21.039,21.534,16.446,,19.676,16.101,14.264,22.560,12.653,11.307,15.538,18.151,28.437,23.946,19.039,24.141,7.827,10.695,4.012,6.812,14.902,26.804,27.904,19.250,25.484,10.348,10.460,11.700,12.978,5.738,13.160,25.289,29.269,19.062,10.026,13.799,11.579,28.108,13.923,7.710,12.114,25.103,27.940,21.155,10.357,5.864,8.865,10.882,18.400,17.239,19.685,12.970,11.687,12.225,13.213,10.356,27.666,21.104,17.222,17.868,27.197,22.926,11.805,14.558,21.368,9.680,23.846,32.182,11.615,10.455,11.878,25.424,7.657,9.713,12.074,12.199,12.199,20.489,13.372,13.537,14.018,10.890,19.616,16.520,20.448,7.346,24.625,22.631,12.959,21.323,22.370,5.808,11.216,12.409,28.225,18.549,11.423,11.414,16.974,8.556
fold_2025_05_19_11_5012_model_0.cif,16.824,20.558,9.893,20.538,19.293,19.676,,17.012,18.137,12.862,17.267,20.029,18.811,19.208,21.512,20.200,12.686,20.689,19.409,16.922,19.441,21.092,17.692,18.321,21.822,14.041,18.674,18.493,17.741,17.672,17.525,19.238,17.362,18.765,24.673,12.650,17.741,18.062,18.131,20.183,17.959,18.170,17.593,25.342,21.179,18.721,17.707,19.680,16.963,18.864,12.916,14.086,12.077,19.324,17.836,17.434,17.654,17.054,23.658,13.744,18.718,12.506,20.835,18.452,16.981,18.129,21.053,17.756,18.359,26.395,18.035,16.933,17.301,26.060,18.847,18.047,17.325,16.647,16.647,18.337,17.094,17.951,17.101,18.895,12.997,20.487,11.174,18.557,20.849,18.876,16.284,10.862,20.598,18.836,17.941,17.644,19.883,19.694,17.383,18.080,21.846,16.499
fold_2025_05_19_11_5013_model_0.cif,10.508,22.538,19.140,22.521,6.368,16.101,17.012,,6.872,20.763,8.779,15.664,7.068,18.657,26.087,25.902,20.013,25.387,14.090,9.322,15.713,17.838,6.632,21.639,29.729,21.507,20.292,10.683,10.064,10.456,8.646,14.349,6.544,20.928,27.412,18.263,10.642,10.673,10.962,24.280,9.554,12.580,11.258,27.131,25.441,26.152,9.455,16.073,10.544,11.146,21.008,14.910,22.068,11.084,10.603,9.446,9.115,9.293,20.631,19.423,8.254,20.186,23.793,18.026,7.101,8.448,23.622,11.629,20.133,28.884,10.313,10.072,9.022,19.233,13.820,12.100,9.201,10.275,10.275,26.144,7.961,10.184,8.990,13.201,22.087,9.691,19.845,13.298,24.573,12.936,7.078,20.786,28.161,14.399,10.655,10.854,22.230,6.532,9.189,10.974,14.120,9.929
fold_2025_05_19_11_5014_model_0.cif,8.972,24.473,19.634,23.534,7.211,14.264,18.137,6.872,,21.460,7.039,14.259,4.259,18.688,27.607,25.113,19.837,24.483,10.776,6.875,13.744,16.524,5.556,23.254,30.708,21.044,21.902,7.294,7.161,9.452,6.056,12.700,6.655,21.787,29.455,18.805,7.291,8.200,9.073,25.830,7.580,9.779,10.042,26.051,27.003,25.126,7.683,14.165,7.528,7.789,19.660,15.114,21.022,8.232,9.106,5.712,8.143,6.902,22.659,19.084,9.972,20.213,24.945,19.029,4.970,7.613,24.370,8.296,21.366,29.856,7.710,7.387,5.183,21.966,10.536,9.542,5.633,11.864,11.864,25.136,8.057,7.506,7.129,13.859,20.923,7.648,19.479,11.071,23.510,15.913,6.740,20.941,26.442,12.644,7.665,9.606,23.899,8.590,5.510,9.318,11.560,9.322
fold_2025_05_19_11_5015_model_0.cif,20.394,26.488,9.059,26.561,22.845,22.560,12.862,20.763,21.460,,21.071,23.005,22.327,24.969,26.092,14.562,8.894,15.177,21.972,20.535,22.838,24.010,21.536,24.788,20.840,11.331,25.123,21.510,20.725,21.557,21.149,22.757,20.571,25.355,28.051,11.925,20.780,21.552,21.715,24.984,21.481,21.044,21.205,19.868,27.820,18.470,20.464,22.723,20.266,21.791,14.199,17.107,11.867,22.167,20.604,20.655,21.623,20.659,25.224,10.764,22.824,13.126,27.127,23.897,20.937,21.832,28.414,20.714,24.746,25.916,21.365,20.335,20.545,29.974,21.411,21.157,20.437,20.151,20.151,14.877,19.899,20.978,20.342,22.051,12.884,23.650,10.573,21.809,14.820,23.639,19.850,9.458,16.438,22.369,21.026,21.451,24.259,23.428,20.794,20.540,24.083,19.633
fold_2025_05_19_11_5016_model_0.cif,5.663,23.876,19.181,22.847,11.569,12.653,17.267,8.779,7.039,21.071,,9.430,9.224,17.013,26.206,25.635,20.279,26.479,12.174,5.521,11.715,13.298,6.948,23.107,29.453,21.358,21.337,7.654,7.811,4.122,5.057,9.758,7.129,22.533,28.042,17.985,8.427,5.800,4.120,24.545,4.855,9.010,5.281,25.879,24.930,23.544,8.618,13.551,6.093,8.574,20.048,15.378,19.598,11.901,8.426,6.777,3.135,4.563,22.232,18.817,7.314,20.294,25.033,18.933,4.806,5.605,23.133,8.351,20.943,28.937,7.555,6.369,6.928,20.413,10.240,8.362,5.783,7.021,7.021,25.410,11.511,6.273,7.293,9.388,20.337,13.211,19.817,8.911,25.477,17.142,5.196,20.487,25.693,9.755,8.372,5.103,23.990,12.784,4.726,11.033,16.335,7.981
fold_2025_05_19_11_5017_model_0.cif,7.342,26.704,20.973,23.211,18.380,11.307,20.029,15.664,14.259,23.005,9.430,,16.020,17.047,28.197,25.673,21.391,27.707,13.437,10.116,10.127,8.442,12.875,26.799,29.304,21.533,24.905,10.445,10.896,7.809,10.389,8.502,12.392,25.671,29.680,18.739,11.428,11.313,6.730,26.580,9.985,9.728,6.824,26.041,26.220,21.330,12.121,13.210,9.239,11.225,20.813,17.548,19.777,16.160,11.614,11.820,9.130,9.479,26.544,21.009,13.354,20.298,26.895,21.986,11.254,11.083,23.020,11.445,22.779,30.608,10.167,9.606,12.581,23.749,10.283,10.076,10.695,9.036,9.036,25.373,16.675,11.484,13.537,7.877,20.805,19.270,21.992,8.085,28.031,22.191,11.275,22.285,24.915,9.105,12.529,7.157,27.218,20.264,9.866,14.477,21.127,10.116
fold_2025_05_19_11_5018_model_0.cif,10.582,24.518,20.404,23.974,6.787,15.538,18.811,7.068,4.259,22.327,9.224,16.020,,19.607,28.262,25.760,20.403,24.658,11.657,8.801,15.027,17.995,6.210,23.721,31.395,21.819,22.668,8.458,8.249,11.180,7.560,14.445,8.205,22.078,29.957,20.021,8.184,10.225,10.900,26.338,8.609,11.415,11.864,27.030,27.435,26.479,9.019,15.456,9.234,9.407,20.359,15.826,22.127,7.888,10.769,6.693,9.812,8.779,22.983,20.357,10.786,20.753,24.859,19.496,6.880,8.770,25.178,9.473,21.900,30.726,8.228,8.702,6.210,21.924,11.905,11.092,7.168,13.528,13.528,25.838,8.146,9.132,7.563,15.696,21.655,6.394,19.865,12.460,24.174,16.316,7.926,21.404,27.701,14.443,8.853,11.242,24.059,7.443,7.386,10.161,10.847,10.831
fold_2025_05_19_11_5019_model_0.cif,15.521,16.537,22.354,13.094,20.571,18.151,19.208,18.657,18.688,24.969,17.013,17.047,19.607,,21.078,25.993,23.355,27.859,18.540,16.553,17.370,18.300,17.445,17.749,26.440,23.732,15.033,17.387,16.921,16.592,16.959,16.918,17.627,15.287,22.886,20.684,17.231,17.384,16.615,18.581,17.487,16.913,15.659,27.429,17.398,24.951,17.558,17.666,16.935,16.961,20.858,16.654,22.665,19.217,16.970,17.430,16.560,16.492,26.386,24.450,18.543,20.458,15.433,10.773,16.613,17.756,14.165,17.351,14.386,27.116,16.742,16.359,17.754,26.750,17.471,16.616,17.752,17.156,17.156,26.654,19.225,18.016,18.543,16.918,22.608,21.753,23.378,16.818,29.789,21.312,17.009,22.775,28.125,17.456,17.911,15.872,21.577,21.383,17.188,18.426,22.824,16.545
fold_2025_05_19_11_5020_model_0.cif,26.601,15.580,26.265,16.279,27.289,28.437,21.512,26.087,27.607,26.092,26.206,28.197,28.262,21.078,,26.166,26.838,28.970,29.724,27.323,27.741,28.570,26.265,10.968,19.811,27.401,13.366,28.558,28.146,25.578,27.035,27.284,27.122,15.141,9.447,26.351,28.490,26.383,26.885,7.572,27.055,28.636,25.984,23.590,10.795,28.878,28.381,27.846,27.234,28.056,26.428,26.552,25.524,29.078,28.039,27.824,25.718,26.608,19.811,27.972,24.925,25.425,18.872,17.800,25.952,26.060,15.987,28.303,15.029,16.694,28.067,27.518,28.087,25.223,29.295,28.061,27.901,25.629,25.629,27.555,27.946,27.367,27.602,26.276,25.763,28.708,25.707,27.609,29.574,21.205,26.852,24.333,30.056,27.006,27.810,26.042,13.405,27.130,27.565,28.983,30.651,27.372
fold_2025_05_19_11_5121_model_0.cif,23.685,26.064,15.123,25.936,26.247,23.946,20.200,25.902,25.113,14.562,25.635,25.673,25.760,25.993,26.166,,10.869,8.144,22.411,23.633,24.640,25.778,25.538,24.852,19.892,9.550,25.926,23.489,22.721,26.121,24.962,25.266,23.965,24.166,29.551,17.649,22.770,25.405,25.572,24.104,25.361,22.473,25.302,16.267,27.144,19.202,22.567,23.661,23.539,23.552,13.494,20.403,16.081,23.316,22.741,23.743,26.259,24.254,26.779,16.908,28.182,12.710,24.949,24.469,24.965,26.910,29.795,22.611,23.749,23.806,23.437,23.059,23.555,36.254,22.308,23.080,23.556,25.498,25.498,11.641,22.955,24.612,24.254,25.742,12.846,26.316,13.107,24.102,11.582,28.164,23.837,14.491,16.038,25.342,23.733,25.347,22.218,27.610,24.290,21.611,24.833,22.442
fold_2025_05_19_11_5122_model_0.cif,18.247,25.923,7.852,23.833,21.154,19.039,12.686,20.013,19.837,8.894,20.279,21.391,20.403,23.355,26.838,10.869,,11.142,17.655,18.274,19.622,21.373,20.305,24.188,20.186,5.293,24.863,18.585,17.626,20.826,19.687,20.207,18.763,23.359,30.135,11.750,17.451,20.657,20.534,25.040,20.397,17.482,20.224,19.481,27.541,17.114,17.290,18.947,17.899,18.919,8.806,14.773,11.182,18.593,17.946,18.365,21.013,18.785,26.079,11.593,23.365,6.929,24.492,23.136,19.423,21.433,26.060,17.528,22.759,26.206,18.523,17.728,18.068,32.508,17.636,18.226,18.356,19.724,19.724,10.749,16.998,19.677,18.832,20.934,8.909,21.368,6.783,19.081,12.435,23.785,18.271,8.134,15.271,19.963,18.506,20.379,23.342,22.352,18.859,16.783,20.816,16.735
fold_2025_05_19_11_5223_model_0.cif,24.563,28.731,16.218,27.170,24.909,24.141,20.689,25.387,24.483,15.177,26.479,27.707,24.658,27.859,28.970,8.144,11.142,,21.714,24.223,24.885,26.751,25.414,26.775,22.570,10.943,28.331,23.437,22.727,27.241,25.171,25.909,24.051,25.234,32.004,18.301,22.661,26.211,26.833,27.420,26.158,23.038,26.627,18.773,30.693,21.956,22.418,23.513,23.862,23.582,14.242,20.504,18.768,21.833,23.423,23.716,27.355,24.696,28.796,17.350,29.053,13.653,26.880,26.272,25.029,27.087,30.551,22.979,25.740,26.073,23.762,23.598,23.278,37.319,22.602,23.731,23.539,26.830,26.830,12.173,21.628,25.103,24.361,27.221,15.610,24.053,14.177,24.399,10.821,28.071,24.290,16.202,17.759,25.824,23.280,26.592,24.655,26.051,24.517,21.347,22.138,22.995
fold_2025_05_19_11_5224_model_0.cif,9.071,27.591,19.811,22.217,13.236,7.827,19.409,14.090,10.776,21.972,12.174,13.437,11.657,18.540,29.724,22.411,17.655,21.714,,8.677,8.033,11.658,12.359,26.415,29.175,18.043,25.071,6.735,6.403,12.860,10.887,9.083,11.171,23.724,31.333,18.722,5.780,12.644,11.994,28.524,12.653,5.347,12.647,24.469,29.264,22.324,7.255,7.388,7.544,7.369,16.828,14.957,19.924,7.488,9.391,8.652,13.216,9.077,28.019,20.086,17.359,16.954,26.069,21.441,10.377,13.632,22.760,6.991,22.975,31.715,8.473,7.842,8.096,27.776,4.432,7.811,8.880,14.140,14.140,20.914,9.346,11.622,11.651,14.103,18.856,12.113,18.810,7.768,22.380,21.266,11.078,20.681,22.730,9.232,8.037,12.814,27.461,15.489,8.886,6.941,11.481,7.647
fold_2025_05_19_11_5225_model_0.cif,4.511,24.266,17.968,21.862,10.830,10.695,16.922,9.322,6.875,20.535,5.521,10.116,8.801,16.553,27.323,23.633,18.274,24.223,8.677,,10.171,12.602,7.477,23.590,28.639,19.120,21.700,5.136,4.367,7.337,6.052,8.887,5.943,21.803,29.506,17.288,5.187,6.982,5.746,25.441,6.312,5.385,7.020,24.985,25.968,22.713,5.161,11.176,4.741,6.207,17.549,13.035,18.919,8.725,5.569,5.304,6.638,3.750,23.759,18.158,10.714,17.949,23.997,18.605,5.262,8.738,22.578,4.830,20.549,29.694,5.008,3.447,4.357,24.092,6.713,5.792,4.831,8.838,8.838,23.527,8.995,6.992,6.712,10.227,18.569,12.352,18.198,7.771,23.438,17.894,4.409,19.410,23.930,9.141,7.464,7.040,24.417,12.630,4.264,6.937,14.136,4.966
fold_2025_05_19_11_5226_model_0.cif,8.314,27.157,21.348,20.946,16.388,4.012,19.441,15.713,13.744,22.838,11.715,10.127,15.027,17.370,27.741,24.640,19.622,24.885,8.033,10.171,,5.735,13.534,26.344,27.675,19.986,25.035,9.377,9.821,10.523,11.684,4.444,13.151,24.730,28.566,18.866,9.695,12.917,10.459,27.520,13.108,7.476,10.778,24.971,27.136,20.607,10.765,5.784,8.114,10.214,18.931,17.097,19.517,12.849,11.897,11.642,12.038,9.295,27.427,21.347,16.250,18.568,26.552,22.276,10.944,12.987,20.575,10.020,23.060,31.475,10.829,9.970,11.569,24.056,7.410,9.081,11.135,11.783,11.783,21.302,13.624,12.906,13.764,10.821,19.990,16.082,20.980,5.310,25.435,21.742,12.480,21.476,22.289,4.145,10.537,11.059,27.839,18.388,10.521,11.787,16.841,8.685
fold_2025_05_19_11_5227_model_0.cif,9.905,28.563,22.462,22.107,19.214,6.812,21.092,17.838,16.524,24.010,13.298,8.442,17.995,18.300,28.570,25.778,21.373,26.751,11.658,12.602,5.735,,15.583,28.097,28.239,21.240,26.531,11.719,12.362,11.440,13.794,6.345,14.932,26.887,29.083,19.614,12.524,14.698,11.432,28.258,14.352,10.073,11.310,25.837,27.851,20.673,13.328,9.131,10.771,12.593,20.780,18.580,20.664,15.997,13.847,14.240,13.178,11.599,28.573,22.540,17.199,19.915,28.227,23.780,13.538,14.559,21.363,12.840,24.228,31.723,12.770,12.221,14.698,24.401,10.056,11.249,13.627,11.891,11.891,23.015,16.692,14.779,16.099,9.661,21.642,19.162,22.949,7.231,27.579,23.178,14.535,23.152,23.193,6.217,13.500,11.802,29.379,21.243,12.825,14.828,20.155,10.996
fold_2025_05_19_11_5228_model_0.cif,8.069,22.838,19.741,22.262,9.281,14.902,17.692,6.632,5.556,21.536,6.948,12.875,6.210,17.445,26.265,25.538,20.305,25.414,12.359,7.477,13.534,15.583,,22.274,29.480,21.656,20.969,7.575,7.611,8.224,5.068,12.752,7.155,21.156,28.061,18.493,8.155,7.834,8.145,24.240,6.300,10.667,8.142,25.489,25.509,24.783,9.532,14.554,7.844,8.313,20.196,14.759,20.888,9.756,9.958,6.461,6.681,6.471,22.100,19.638,8.726,20.402,23.731,17.799,4.891,5.823,23.119,9.542,19.847,28.139,6.966,7.632,7.042,19.915,11.145,9.682,6.448,10.706,10.706,26.173,9.733,7.866,7.978,13.073,21.278,9.793,20.006,10.286,25.060,14.945,6.853,20.798,26.442,12.320,8.748,7.524,22.864,10.066,6.072,11.109,13.476,9.787
fold_2025_05_19_11_5229_model_0.cif,23.598,11.772,22.436,14.219,23.286,26.804,18.321,21.639,23.254,24.788,23.107,26.799,23.721,17.749,10.968,24.852,24.188,26.775,26.415,23.590,26.344,28.097,22.274,,21.821,24.892,7.887,25.180,24.364,23.236,23.347,25.872,22.977,8.176,15.650,23.371,24.620,23.216,24.291,9.481,23.709,25.437,23.277,25.275,11.368,29.244,24.426,25.947,24.093,24.663,22.323,20.641,24.365,24.820,24.172,23.737,22.846,23.383,18.950,24.707,22.275,22.303,12.900,13.079,22.256,23.155,16.364,24.353,10.225,19.071,24.343,23.787,23.759,25.349,26.141,24.788,24.222,23.381,23.381,27.303,23.377,23.947,23.308,24.777,23.509,24.884,22.503,25.572,27.890,18.051,22.816,22.347,29.828,25.714,24.406,23.203,10.974,22.693,24.029,24.763,26.633,24.011
fold_2025_05_19_11_5230_model_0.cif,27.694,21.406,21.479,20.127,31.068,27.904,21.822,29.729,30.708,20.840,29.453,29.304,31.395,26.440,19.811,19.892,20.186,22.570,29.175,28.639,27.675,28.239,29.480,21.821,,20.825,24.688,29.345,28.744,28.700,29.838,28.115,29.295,22.955,21.051,22.285,28.941,29.939,29.317,19.561,29.872,28.285,28.583,17.773,21.014,20.917,29.063,27.734,28.297,29.675,21.627,25.678,20.377,29.978,29.106,29.505,29.224,28.487,25.851,23.159,30.181,20.306,22.155,25.500,29.037,30.136,23.395,28.704,20.713,17.598,29.131,28.546,29.564,33.099,28.660,28.637,29.653,28.075,28.075,18.231,29.185,30.324,29.664,28.142,20.436,32.013,21.766,28.100,22.464,27.005,28.771,19.036,18.636,27.777,29.575,28.721,20.065,31.670,29.508,28.751,32.316,27.665
fold_2025_05_19_12_01_rt_s47_stx3_syb2_10_model_0.cif,19.132,26.654,8.809,24.114,22.091,19.250,14.041,21.507,21.044,11.331,21.358,21.533,21.819,23.732,27.401,9.550,5.293,10.943,18.043,19.120,19.986,21.240,21.656,24.892,20.825,,25.254,19.235,18.360,21.895,20.958,20.354,19.604,23.766,31.032,12.106,18.398,21.605,21.326,25.531,21.585,17.792,21.258,19.557,28.048,15.407,17.899,19.226,18.982,19.394,8.219,15.098,11.345,19.402,18.563,19.659,22.208,19.862,27.027,12.173,24.487,6.283,25.058,23.666,20.624,22.791,26.060,18.445,22.864,26.606,19.372,18.604,19.355,34.235,17.913,18.790,19.350,20.781,20.781,10.369,18.187,20.728,20.307,21.116,8.959,22.488,8.087,19.674,11.727,24.604,19.462,10.721,14.701,20.428,19.610,21.448,23.933,23.698,19.930,17.217,21.630,17.431
fold_2025_05_19_12_01_rt_s47_stx3_syb2_11_model_0.cif,21.995,11.825,22.399,14.577,22.056,25.484,18.674,20.292,21.902,25.123,21.337,24.905,22.668,15.033,13.366,25.926,24.863,28.331,25.071,21.700,25.035,26.531,20.969,7.887,24.688,25.254,,23.549,22.782,21.720,21.851,24.273,21.180,9.395,18.108,21.929,23.220,21.230,22.497,11.003,22.054,23.736,21.529,26.730,13.479,28.741,22.715,24.583,22.713,22.903,22.316,19.251,24.324,23.617,21.999,22.365,21.117,21.708,20.984,24.118,20.719,22.578,13.644,9.813,20.801,21.823,16.196,22.816,11.548,21.900,22.766,22.161,22.349,25.524,24.573,22.907,22.721,21.521,21.521,28.633,22.142,22.116,21.833,22.790,24.008,24.138,23.174,24.075,29.084,18.429,21.067,22.881,30.002,24.280,22.984,21.492,15.093,21.657,22.485,23.033,25.715,22.256
fold_2025_05_19_12_01_rt_s47_stx3_syb2_12_model_0.cif,5.545,25.564,19.187,22.290,11.077,10.348,18.493,10.683,7.294,21.510,7.654,10.445,8.458,17.387,28.558,23.489,18.585,23.437,6.735,5.136,9.377,11.719,7.575,25.180,29.345,19.235,23.549,,3.240,8.776,6.164,8.900,7.668,22.967,30.486,18.086,3.963,8.687,7.574,26.767,7.602,4.991,8.319,24.715,27.574,22.823,5.815,10.270,5.293,4.531,18.023,13.998,19.792,6.867,7.025,5.137,8.580,5.153,25.510,19.532,12.679,18.163,25.040,19.822,6.628,8.938,22.991,5.858,21.558,30.550,4.077,4.540,5.167,24.821,5.241,5.566,4.503,11.049,11.049,23.460,9.119,7.756,8.366,11.610,19.384,10.756,19.054,6.017,23.626,18.864,6.910,20.324,24.039,8.992,5.946,8.291,25.712,13.270,4.541,7.094,11.907,6.511
fold_2025_05_19_12_01_rt_s47_stx3_syb2_13_model_0.cif,5.439,24.928,18.089,21.687,10.783,10.460,17.741,10.064,7.161,20.725,7.811,10.896,8.249,16.921,28.146,22.721,17.626,22.727,6.403,4.367,9.821,12.362,7.611,24.364,28.744,18.360,22.782,3.240,,9.215,6.684,9.335,7.040,22.050,30.330,17.235,2.923,8.655,7.805,26.185,7.639,4.521,8.560,24.384,27.056,22.535,4.608,10.382,4.995,4.780,17.078,12.698,19.241,6.289,6.246,4.748,8.682,5.170,24.827,18.551,12.572,17.158,24.256,18.897,6.699,9.397,22.631,5.111,20.643,30.037,3.602,3.539,4.559,25.241,5.026,5.686,4.609,10.762,10.762,22.843,7.962,7.807,7.709,11.699,18.595,10.871,18.116,7.060,22.784,18.120,6.146,19.650,23.588,9.525,6.525,8.675,25.043,12.809,4.491,5.831,11.955,5.525
fold_2025_05_19_12_01_rt_s47_stx3_syb2_4_model_0.cif,5.688,23.980,19.970,22.207,13.538,11.700,17.672,10.456,9.452,21.557,4.122,7.809,11.180,16.592,25.578,26.121,20.826,27.241,12.860,7.337,10.523,11.440,8.224,23.236,28.700,21.895,21.720,8.776,9.215,,6.372,8.601,8.644,23.076,27.050,18.237,9.646,7.492,3.788,24.153,5.990,9.649,4.432,25.538,24.292,22.956,10.140,13.115,6.588,9.788,20.621,16.345,19.592,13.586,10.110,8.434,3.530,5.802,22.405,19.603,8.094,20.553,25.218,19.482,6.093,6.327,22.354,9.376,21.097,28.470,8.561,7.613,8.888,19.559,10.634,9.221,7.693,6.196,6.196,25.467,13.282,8.180,9.161,8.064,20.638,14.987,20.596,8.085,26.621,17.971,7.262,20.895,25.472,8.643,9.875,4.219,24.128,14.719,6.552,12.820,18.220,8.710
fold_2025_05_19_12_01_rt_s47_stx3_syb2_5_model_0.cif,6.125,24.040,19.358,22.758,11.256,12.978,17.525,8.646,6.056,21.149,5.057,10.389,7.560,16.959,27.035,24.962,19.687,25.171,10.887,6.052,11.684,13.794,5.068,23.347,29.838,20.958,21.851,6.164,6.684,6.372,,10.924,7.465,22.162,29.170,18.078,6.940,6.337,6.044,25.197,5.468,8.819,5.828,25.761,25.776,24.175,8.554,12.879,5.718,6.925,19.585,14.971,20.041,10.296,8.214,5.125,5.484,5.009,23.595,19.141,9.594,19.872,24.538,18.769,4.571,5.309,23.569,7.867,20.928,29.384,6.105,5.885,5.627,21.573,9.307,7.478,3.915,9.051,9.051,25.221,10.214,5.600,6.884,11.717,20.279,11.525,19.443,8.184,25.263,17.560,5.648,20.370,25.896,10.802,6.645,5.362,24.151,12.455,4.156,10.255,14.016,8.123
fold_2025_05_19_12_01_rt_s47_stx3_syb2_6_model_0.cif,7.210,26.423,21.036,21.007,15.171,5.738,19.238,14.349,12.700,22.757,9.758,8.502,14.445,16.918,27.284,25.266,20.207,25.909,9.083,8.887,4.444,6.345,12.752,25.872,28.115,20.354,24.273,8.900,9.335,8.601,10.924,,11.299,24.436,27.951,18.294,9.882,11.919,8.550,26.929,11.946,6.958,9.571,25.624,26.359,20.433,9.466,7.863,7.913,9.737,19.536,16.765,19.605,12.960,10.914,11.421,10.381,8.379,26.013,20.855,13.927,19.038,26.327,21.896,9.698,11.628,20.493,9.977,22.523,31.410,10.431,9.266,11.141,23.246,7.906,8.900,10.361,10.031,10.031,22.504,13.586,12.233,13.296,7.904,20.324,15.963,21.343,5.577,25.726,20.407,11.038,21.776,23.185,3.868,10.593,9.727,27.173,17.365,9.555,11.399,17.617,7.799
fold_2025_05_19_12_01_rt_s47_stx3_syb2_7_model_0.cif,7.714,24.140,18.187,22.328,8.490,13.160,17.362,6.544,6.655,20.571,7.129,12.392,8.205,17.627,27.122,23.965,18.763,24.051,11.171,5.943,13.151,14.932,7.155,22.977,29.295,19.604,21.180,7.668,7.040,8.644,7.465,11.299,,21.716,28.682,17.202,7.936,9.181,8.423,25.207,7.799,8.781,9.412,25.730,26.246,24.293,5.509,14.013,7.989,8.484,18.730,13.360,20.546,9.411,7.454,7.836,8.039,6.844,22.528,18.208,9.780,18.582,24.159,18.836,5.565,9.390,23.356,8.078,20.547,29.809,7.308,7.044,7.003,23.475,9.967,9.140,7.085,9.057,9.057,24.887,8.624,9.196,8.525,9.909,19.964,11.439,18.756,10.514,23.464,16.147,5.122,20.199,25.870,11.783,9.532,8.498,23.530,10.386,6.836,8.286,14.476,6.958
fold_2025_05_19_12_01_rt_s47_stx3_syb2_8_model_0.cif,22.169,10.702,22.062,11.769,21.875,25.289,18.765,20.928,21.787,25.355,22.533,25.671,22.078,15.287,15.141,24.166,23.359,25.234,23.724,21.803,24.730,26.887,21.156,8.176,22.955,23.766,9.395,22.967,22.050,23.076,22.162,24.436,21.716,,19.700,22.014,22.375,22.624,23.370,13.200,22.999,23.085,22.612,26.307,13.935,28.121,22.213,24.054,22.710,22.454,20.528,18.216,24.500,22.276,22.324,22.125,22.501,22.092,22.259,24.477,22.500,20.687,8.958,11.328,21.278,22.606,15.063,22.592,8.151,22.285,22.313,21.957,21.979,27.972,23.718,22.731,22.510,23.558,23.558,26.424,21.470,23.001,22.424,24.427,23.259,23.026,22.559,23.893,27.390,18.416,21.594,22.640,29.224,24.620,22.612,22.608,13.995,21.779,22.478,22.204,24.090,22.227
fold_2025_05_19_12_01_rt_s47_stx3_syb2_9_model_0.cif,28.468,19.537,29.885,18.775,28.088,29.269,24.673,27.412,29.455,28.051,28.042,29.680,29.957,22.886,9.447,29.551,30.135,32.004,31.333,29.506,28.566,29.083,28.061,15.650,21.051,31.032,18.108,30.486,30.330,27.050,29.170,27.951,28.682,19.700,,29.648,30.716,28.889,28.661,13.019,29.219,30.618,28.048,24.209,14.673,31.585,30.179,28.841,29.212,30.192,30.600,29.644,28.692,30.791,30.568,30.306,27.524,28.436,20.610,31.085,26.134,29.314,22.617,21.490,27.490,27.609,17.128,30.750,19.530,17.617,30.378,29.969,30.427,24.501,31.388,30.368,30.163,27.033,27.033,30.510,29.575,30.015,30.258,26.870,29.414,29.547,29.353,28.971,31.558,22.393,28.984,27.272,32.129,27.671,29.908,27.880,15.965,27.863,29.662,31.126,31.653,29.214
fold_2025_05_19_12_02_rt_s47_stx3_syb2_14_model_0.cif,16.810,24.236,9.871,22.389,20.467,19.062,12.650,18.263,18.805,11.925,17.985,18.739,20.021,20.684,26.351,17.649,11.750,18.301,18.722,17.288,18.866,19.614,18.493,23.371,22.285,12.106,21.929,18.086,17.235,18.237,18.078,18.294,17.202,22.014,29.648,,17.786,18.999,18.235,24.788,19.035,17.244,17.839,22.230,26.699,15.404,17.059,19.258,17.199,18.280,12.069,13.835,13.071,19.491,17.708,18.271,18.521,17.484,26.138,7.830,19.956,11.268,24.136,21.471,17.779,18.779,23.627,18.099,21.616,28.814,18.131,17.187,18.142,28.728,17.883,17.719,17.501,17.229,17.229,17.034,17.838,18.687,18.631,17.774,13.683,21.496,12.924,17.954,17.737,21.160,17.079,14.369,16.718,18.468,18.301,17.906,25.413,21.549,17.700,17.638,22.408,16.187
fold_2025_05_19_12_02_rt_s47_stx3_syb2_15_model_0.cif,5.897,25.442,18.318,22.112,11.334,10.026,17.741,10.642,7.291,20.780,8.427,11.428,8.184,17.231,28.490,22.770,17.451,22.661,5.780,5.187,9.695,12.524,8.155,24.620,28.941,18.398,23.220,3.963,2.923,9.646,6.940,9.882,7.936,22.375,30.716,17.786,,9.077,8.418,26.446,7.846,4.916,9.008,24.569,27.429,22.955,5.616,10.213,4.357,5.493,16.872,13.301,19.274,6.676,7.026,4.070,9.167,5.546,25.490,18.830,13.588,17.056,24.545,19.312,6.951,10.013,23.030,4.275,21.272,30.200,4.045,3.819,4.242,25.581,4.685,5.944,5.090,11.253,11.253,22.552,7.928,7.899,7.648,12.611,18.504,10.836,17.928,7.332,22.948,19.171,7.138,19.497,23.761,9.594,6.262,9.161,25.296,13.252,4.624,6.636,11.816,5.854
fold_2025_05_19_13_21_rt_s47_stx3_syb2_16_model_0.cif,7.895,24.247,19.541,23.346,12.746,13.799,18.062,10.673,8.200,21.552,5.800,11.313,10.225,17.384,26.383,25.405,20.657,26.211,12.644,6.982,12.917,14.698,7.834,23.216,29.939,21.605,21.230,8.687,8.655,7.492,6.337,11.919,9.181,22.624,28.889,18.999,9.077,,6.746,24.811,6.240,10.228,6.624,25.904,25.520,23.987,10.159,13.337,7.613,7.522,19.941,15.707,19.747,11.911,7.577,7.325,6.153,6.548,22.908,19.094,9.673,20.763,25.341,18.602,7.156,7.414,23.671,8.885,21.247,28.644,8.366,7.451,7.712,21.807,10.695,7.532,6.916,9.707,9.707,25.673,12.257,3.880,7.642,12.175,20.305,13.602,19.797,10.206,25.335,17.821,7.294,20.751,25.287,11.666,7.967,6.879,24.237,13.765,6.618,11.427,15.022,9.834
fold_2025_05_19_13_21_rt_s47_stx3_syb2_17_model_0.cif,4.608,24.618,19.689,22.773,13.625,11.579,18.131,10.962,9.073,21.715,4.120,6.730,10.900,16.615,26.885,25.572,20.534,26.833,11.994,5.746,10.459,11.432,8.145,24.291,29.317,21.326,22.497,7.574,7.805,3.788,6.044,8.550,8.423,23.370,28.661,18.235,8.418,6.746,,25.057,4.942,8.267,3.884,25.494,25.213,22.601,9.101,12.944,5.825,8.568,20.041,15.649,19.381,12.661,8.934,7.509,4.088,5.007,23.335,19.423,8.687,20.158,25.383,19.631,6.262,6.706,22.986,8.259,21.319,29.260,7.029,6.036,7.881,21.354,9.259,8.121,6.539,7.251,7.251,25.301,12.870,7.316,8.580,8.581,20.190,14.954,20.395,7.735,26.076,18.739,6.567,20.943,25.063,8.825,9.543,4.278,24.903,15.087,5.467,11.680,17.698,7.924
fold_2025_05_19_13_22_rt_s47_stx3_syb2_18_model_0.cif,24.797,12.249,24.082,15.849,26.100,28.108,20.183,24.280,25.830,24.984,24.545,26.580,26.338,18.581,7.572,24.104,25.040,27.420,28.524,25.441,27.520,28.258,24.240,9.481,19.561,25.531,11.003,26.767,26.185,24.153,25.197,26.929,25.207,13.200,13.019,24.788,26.446,24.811,25.057,,24.710,26.970,24.107,22.221,9.174,27.897,26.641,27.768,25.642,26.460,24.257,24.048,24.167,27.520,26.175,25.648,23.910,24.971,19.078,26.696,23.336,23.243,15.544,14.210,24.406,24.553,16.814,26.317,12.378,16.761,25.723,25.385,26.118,25.132,27.579,26.463,26.056,24.287,24.287,27.052,26.399,25.634,25.559,25.379,23.978,27.752,23.985,26.688,28.588,20.264,24.808,22.442,29.087,26.642,26.585,24.258,11.668,25.878,25.641,27.284,29.901,25.744
fold_2025_05_19_13_34_31_model_0.cif,6.511,24.325,19.318,23.677,12.305,13.923,17.959,9.554,7.580,21.481,4.855,9.985,8.609,17.487,27.055,25.361,20.397,26.158,12.653,6.312,13.108,14.352,6.300,23.709,29.872,21.585,22.054,7.602,7.639,5.990,5.468,11.946,7.799,22.999,29.219,19.035,7.846,6.240,4.942,24.710,,9.873,5.770,25.573,25.588,24.660,9.351,14.922,6.561,8.868,20.034,15.232,20.156,11.315,9.026,5.712,4.339,5.599,22.829,19.471,8.495,20.446,25.108,18.825,6.098,6.793,24.385,7.928,21.255,28.730,5.942,5.934,6.642,21.398,10.327,8.992,6.162,8.718,8.718,26.252,11.840,6.408,6.353,11.310,20.382,13.253,19.772,9.801,25.723,18.216,5.779,20.591,26.102,11.628,9.438,5.572,24.121,13.290,5.017,11.675,16.108,9.218
fold_2025_05_19_13_34_32_model_0.cif,5.363,26.130,18.483,21.624,13.090,7.710,18.170,12.580,9.779,21.044,9.010,9.728,11.415,16.913,28.636,22.473,17.482,23.038,5.347,5.385,7.476,10.073,10.667,25.437,28.285,17.792,23.736,4.991,4.521,9.649,8.819,6.958,8.781,23.085,30.618,17.244,4.916,10.228,8.267,26.970,9.873,,9.242,24.247,27.460,21.158,5.372,8.335,5.455,6.085,16.606,13.638,18.585,8.773,6.962,7.325,10.033,6.340,26.147,18.819,14.486,16.577,25.005,20.273,8.356,11.520,22.148,5.293,21.597,30.869,6.144,5.003,6.906,26.646,3.283,5.720,6.975,10.750,10.750,21.648,9.887,9.646,9.970,10.617,17.964,13.475,18.295,6.320,22.920,20.197,8.205,19.777,22.464,7.538,7.901,9.542,26.207,15.453,6.620,6.444,14.161,4.697
fold_2025_05_19_13_34_33_model_0.cif,4.830,23.767,19.384,21.798,14.740,12.114,17.593,11.258,10.042,21.205,5.281,6.824,11.864,15.659,25.984,25.302,20.224,26.627,12.647,7.020,10.778,11.310,8.142,23.277,28.583,21.258,21.529,8.319,8.560,4.432,5.828,9.571,9.412,22.612,28.048,17.839,9.008,6.624,3.884,24.107,5.770,9.242,,25.169,24.329,22.847,10.309,12.715,6.490,8.794,19.959,15.308,19.320,13.414,9.054,7.910,4.580,5.549,23.298,19.385,9.604,19.837,24.598,18.576,7.046,6.665,22.177,9.117,20.333,28.214,7.678,6.878,8.792,20.935,9.916,8.040,7.306,6.798,6.798,25.302,13.165,7.172,9.056,9.070,20.238,15.724,20.228,7.780,26.474,18.431,7.327,20.512,25.009,9.321,9.445,3.477,24.317,15.916,6.498,12.467,17.910,8.494
fold_2025_05_19_13_34_34_model_0.cif,24.552,26.362,22.926,26.585,27.885,25.103,25.342,27.131,26.051,19.868,25.879,26.041,27.030,27.429,23.590,16.267,19.481,18.773,24.469,24.985,24.971,25.837,25.489,25.275,17.773,19.557,26.730,24.715,24.384,25.538,25.761,25.624,25.730,26.307,24.209,22.230,24.569,25.904,25.494,22.221,25.573,24.247,25.169,,26.627,20.440,25.143,24.945,24.083,25.182,21.643,25.643,20.569,25.617,25.613,25.124,25.893,24.511,25.530,21.395,27.626,21.388,28.218,24.817,25.411,26.215,30.007,24.428,24.911,16.741,24.980,24.815,25.210,29.899,24.011,24.826,24.846,25.977,25.977,17.399,25.596,25.820,25.915,26.552,20.697,27.724,21.774,24.464,16.358,27.536,25.509,21.395,14.949,24.747,25.484,25.460,22.915,29.098,25.151,24.818,27.275,24.722
fold_2025_05_19_13_34_35_model_0.cif,25.075,12.280,26.113,14.617,27.360,27.940,21.179,25.441,27.003,27.820,24.930,26.220,27.435,17.398,10.795,27.144,27.541,30.693,29.264,25.968,27.136,27.851,25.509,11.368,21.014,28.048,13.479,27.574,27.056,24.292,25.776,26.359,26.246,13.935,14.673,26.699,27.429,25.520,25.213,9.174,25.588,27.460,24.329,26.627,,29.254,27.346,27.754,26.365,27.201,26.370,25.070,25.854,28.697,26.791,26.702,24.247,25.658,20.995,29.224,23.616,25.340,14.477,16.292,25.145,25.145,14.884,27.240,12.532,20.455,26.553,26.000,27.012,26.348,28.366,26.876,26.858,24.471,24.471,29.174,27.869,26.367,26.341,25.020,25.803,29.083,26.369,26.870,32.359,22.183,25.406,24.583,32.101,26.695,27.188,24.427,13.090,27.124,26.403,28.265,31.329,26.202
fold_2_2025_05_19_10_11_model_0.cif,21.686,29.184,17.842,26.016,26.744,21.155,18.721,26.152,25.126,18.470,23.544,21.330,26.479,24.951,28.878,19.202,17.114,21.956,22.324,22.713,20.607,20.673,24.783,29.244,20.917,15.407,28.741,22.823,22.535,22.956,24.175,20.433,24.293,28.121,31.585,15.404,22.955,23.987,22.601,27.897,24.660,21.158,22.847,20.440,29.254,,22.983,21.488,22.011,22.659,16.556,21.757,11.638,24.913,23.572,24.141,23.828,22.721,29.896,17.675,25.572,16.073,28.893,27.935,23.689,24.241,25.465,23.272,25.943,27.786,23.346,22.535,24.209,31.974,21.409,22.160,23.263,23.414,23.414,15.453,25.032,24.429,25.551,22.137,15.051,27.063,18.308,21.251,19.617,26.868,23.966,18.226,13.444,20.652,23.605,23.107,28.486,28.532,23.092,23.312,27.701,21.907
fold_3_2025_05_19_10_12_model_0.cif,7.032,25.410,17.841,21.904,9.585,10.357,17.707,9.455,7.683,20.464,8.618,12.121,9.019,17.558,28.381,22.567,17.290,22.418,7.255,5.161,10.765,13.328,9.532,24.426,29.063,17.899,22.715,5.815,4.608,10.140,8.554,9.466,5.509,22.213,30.179,17.059,5.616,10.159,9.101,26.641,9.351,5.372,10.309,25.143,27.346,22.983,,10.987,6.860,6.616,17.159,12.942,19.743,6.958,5.822,7.240,9.916,6.842,24.452,18.298,12.732,16.809,24.543,19.590,7.323,10.982,22.941,6.115,21.182,31.013,6.367,5.575,5.918,25.986,6.773,7.199,6.598,10.571,10.571,22.563,7.222,9.404,8.738,10.696,18.672,11.264,17.928,8.873,22.122,18.050,6.069,19.745,24.260,10.274,8.019,10.133,25.064,11.997,6.657,4.610,12.606,4.938
fold_4_model_0.cif,10.236,27.139,21.181,20.472,16.068,5.864,19.680,16.073,14.165,22.723,13.551,13.210,15.456,17.666,27.846,23.661,18.947,23.513,7.388,11.176,5.784,9.131,14.554,25.947,27.734,19.226,24.583,10.270,10.382,13.115,12.879,7.863,14.013,24.054,28.841,19.258,10.213,13.337,12.944,27.768,14.922,8.335,12.715,24.945,27.754,21.488,10.987,,9.864,9.470,18.455,17.010,20.119,12.184,10.873,12.309,14.055,10.908,27.495,21.483,18.030,17.772,26.184,21.748,12.228,14.536,20.311,10.521,22.863,31.550,12.016,11.006,12.017,25.626,8.286,8.689,12.145,13.660,13.660,20.412,12.449,12.932,14.300,13.230,19.954,15.634,20.429,7.758,24.157,21.463,13.401,21.343,22.445,7.743,9.895,13.267,27.512,18.009,12.041,10.595,14.604,9.403
fold_5_model_0.cif,4.115,25.239,18.343,22.115,12.349,8.865,16.963,10.544,7.528,20.266,6.093,9.239,9.234,16.935,27.234,23.539,17.899,23.862,7.544,4.741,8.114,10.771,7.844,24.093,28.297,18.982,22.713,5.293,4.995,6.588,5.718,7.913,7.989,22.710,29.212,17.199,4.357,7.613,5.825,25.642,6.561,5.455,6.490,24.083,26.365,22.011,6.860,9.864,,6.684,17.486,14.092,18.313,9.582,7.815,4.822,6.769,3.564,24.493,18.210,11.861,17.783,25.133,19.486,5.478,8.122,22.594,4.994,21.314,29.258,5.447,4.008,5.096,23.307,5.620,5.984,4.821,8.696,8.696,22.480,9.596,7.050,7.538,10.554,18.500,12.453,18.277,5.846,23.630,18.795,6.613,19.353,23.068,7.137,6.681,6.728,25.116,14.103,3.678,8.830,14.425,5.584
fold_6_model_0.cif,6.929,25.233,19.497,21.878,11.329,10.882,18.864,11.146,7.789,21.791,8.574,11.225,9.407,16.961,28.056,23.552,18.919,23.582,7.369,6.207,10.214,12.593,8.313,24.663,29.675,19.394,22.903,4.531,4.780,9.788,6.925,9.737,8.484,22.454,30.192,18.280,5.493,7.522,8.568,26.460,8.868,6.085,8.794,25.182,27.201,22.659,6.616,9.470,6.684,,18.212,14.565,19.845,7.532,5.850,6.385,9.333,6.672,25.004,19.619,13.036,18.301,24.873,19.272,7.530,9.303,22.390,7.031,21.058,30.465,5.923,5.738,6.468,25.068,6.322,5.054,5.800,11.793,11.793,23.526,9.552,6.830,9.301,12.287,19.553,11.031,19.253,7.472,23.719,18.301,8.030,20.732,24.292,10.059,5.439,9.015,25.277,13.481,6.037,7.397,11.229,7.495
fold_7_model_0.cif,17.898,24.420,9.300,21.519,21.568,18.400,12.916,21.008,19.660,14.199,20.048,20.813,20.359,20.858,26.428,13.494,8.806,14.242,16.828,17.549,18.931,20.780,20.196,22.323,21.627,8.219,22.316,18.023,17.078,20.621,19.585,19.536,18.730,20.528,30.600,12.069,16.872,19.941,20.041,24.257,20.034,16.606,19.959,21.643,26.370,16.556,17.159,18.455,17.486,18.212,,12.719,11.412,18.014,17.639,17.948,20.845,18.421,27.614,11.667,23.758,7.052,21.644,21.316,19.148,21.895,23.320,16.404,20.626,27.163,17.808,17.060,17.550,34.060,16.486,17.441,18.161,20.621,20.621,13.334,18.050,19.514,18.740,21.027,8.069,21.646,8.184,18.724,14.970,24.253,18.463,11.754,14.773,19.458,18.480,19.929,23.727,22.937,18.423,16.560,20.861,16.904
fold_8_model_0.cif,13.688,21.608,12.240,18.608,16.760,17.239,14.086,14.910,15.114,17.107,15.378,17.548,15.826,16.654,26.552,20.403,14.773,20.504,14.957,13.035,17.097,18.580,14.759,20.641,25.678,15.098,19.251,13.998,12.698,16.345,14.971,16.765,13.360,18.216,29.644,13.835,13.301,15.707,15.649,24.048,15.232,13.638,15.308,25.643,25.070,21.757,12.942,17.010,14.092,14.565,12.719,,17.526,14.185,13.473,13.854,15.915,13.915,26.647,15.310,18.124,13.631,19.412,16.607,14.630,16.944,20.146,13.511,16.801,28.419,13.450,13.039,13.576,29.176,14.022,13.924,14.091,15.654,15.654,21.627,13.277,15.515,14.143,16.780,16.711,17.935,15.312,15.591,20.675,18.690,13.042,16.576,21.137,16.885,15.429,15.550,23.943,17.650,14.278,12.752,18.117,12.753
fold_9_model_0.cif,18.362,25.587,11.170,24.423,23.554,19.685,12.077,22.068,21.022,11.867,19.598,19.777,22.127,22.665,25.524,16.081,11.182,18.768,19.924,18.919,19.517,20.664,20.888,24.365,20.377,11.345,24.324,19.792,19.241,19.592,20.041,19.605,20.546,24.500,28.692,13.071,19.274,19.747,19.381,24.167,20.156,18.585,19.320,20.569,25.854,11.638,19.743,20.119,18.313,19.845,11.412,17.526,,21.447,19.730,19.429,20.048,19.053,25.975,12.749,22.304,12.517,25.432,23.594,19.806,20.875,25.028,18.862,23.025,26.916,19.565,18.467,19.503,30.612,18.837,19.068,19.216,19.876,19.876,13.411,21.080,19.852,20.038,20.513,7.591,23.858,9.973,19.302,17.453,24.343,19.527,9.399,13.471,19.364,19.879,19.425,24.039,24.690,19.153,20.006,24.415,18.693
fold_tertiary_10_model_0.cif,10.529,25.883,19.664,22.422,9.303,12.970,19.324,11.084,8.232,22.167,11.901,16.160,7.888,19.217,29.078,23.316,18.593,21.833,7.488,8.725,12.849,15.997,9.756,24.820,29.978,19.402,23.617,6.867,6.289,13.586,10.296,12.960,9.411,22.276,30.791,19.491,6.676,11.911,12.661,27.520,11.315,8.773,13.414,25.617,28.697,24.913,6.958,12.184,9.582,7.532,18.014,14.185,21.447,,9.367,7.774,12.776,9.584,25.431,20.213,15.095,18.306,24.835,19.888,9.751,12.572,23.710,8.422,21.853,31.182,7.460,8.248,6.951,26.474,8.753,9.711,8.413,15.183,15.183,23.397,7.351,10.973,9.475,15.744,20.087,7.858,18.861,10.977,22.296,18.282,9.582,20.914,25.001,13.153,8.657,13.285,25.578,10.882,8.826,6.499,7.703,9.796
fold_tertiary_11_model_0.cif,7.303,24.966,17.823,22.222,11.811,11.687,17.836,10.603,9.106,20.604,8.426,11.614,10.769,16.970,28.039,22.741,17.946,23.423,9.391,5.569,11.897,13.847,9.958,24.172,29.106,18.563,21.999,7.025,6.246,10.110,8.214,10.914,7.454,22.324,30.568,17.708,7.026,7.577,8.934,26.175,9.026,6.962,9.054,25.613,26.791,23.572,5.822,10.873,7.815,5.850,17.639,13.473,19.730,9.367,,7.551,9.428,7.351,24.487,18.519,12.886,17.487,24.295,18.944,8.379,10.932,23.247,6.782,21.118,30.479,7.215,6.113,6.931,26.162,8.022,4.850,7.121,10.058,10.058,23.457,9.222,6.828,8.299,11.230,18.687,13.431,18.012,9.479,23.161,18.878,6.255,19.604,24.612,11.421,7.049,9.163,24.757,13.653,7.496,6.173,13.136,6.261
fold_tertiary_12_model_0.cif,6.294,24.753,18.435,22.862,10.991,12.225,17.434,9.446,5.712,20.655,6.777,11.820,6.693,17.430,27.824,23.743,18.365,23.716,8.652,5.304,11.642,14.240,6.461,23.737,29.505,19.659,22.365,5.137,4.748,8.434,5.125,11.421,7.836,22.125,30.306,18.271,4.070,7.325,7.509,25.648,5.712,7.325,7.910,25.124,26.702,24.141,7.240,12.309,4.822,6.385,17.948,13.854,19.429,7.774,7.551,,7.373,5.147,24.189,18.701,11.724,18.434,24.481,18.671,5.904,8.137,23.897,5.216,21.116,29.579,4.425,3.792,3.059,23.835,7.456,7.121,4.222,10.672,10.672,23.918,8.466,6.151,5.439,13.167,19.041,10.421,18.118,8.813,23.744,18.343,6.127,19.557,24.803,11.064,6.450,8.059,24.554,12.251,3.466,8.503,12.276,7.507
fold_tertiary_13_model_0.cif,6.056,23.297,19.830,22.487,12.439,13.213,17.654,9.115,8.143,21.623,3.135,9.130,9.812,16.560,25.718,26.259,21.013,27.355,13.216,6.638,12.038,13.178,6.681,22.846,29.224,22.208,21.117,8.580,8.682,3.530,5.484,10.381,8.039,22.501,27.524,18.521,9.167,6.153,4.088,23.910,4.339,10.033,4.580,25.893,24.247,23.828,9.916,14.055,6.769,9.333,20.845,15.915,20.048,12.776,9.428,7.373,,5.300,21.735,19.621,6.726,20.871,24.713,18.453,5.634,5.408,22.805,9.158,20.584,28.229,7.704,7.020,8.069,19.227,11.078,9.113,7.124,6.734,6.734,26.257,12.370,6.913,7.661,9.556,20.924,13.972,20.505,9.319,26.546,17.006,6.155,20.978,26.176,10.218,9.634,4.516,23.650,13.308,5.767,12.299,17.302,8.875
fold_tertiary_14_model_0.cif,3.654,24.249,18.708,21.774,11.353,10.356,17.054,9.293,6.902,20.659,4.563,9.479,8.779,16.492,26.608,24.254,18.785,24.696,9.077,3.750,9.295,11.599,6.471,23.383,28.487,19.862,21.708,5.153,5.170,5.802,5.009,8.379,6.844,22.092,28.436,17.484,5.546,6.548,5.007,24.971,5.599,6.340,5.549,24.511,25.658,22.721,6.842,10.908,3.564,6.672,18.421,13.915,19.053,9.584,7.351,5.147,5.300,,23.450,18.662,10.109,18.653,24.535,18.714,4.357,7.002,22.221,5.978,20.581,28.834,5.340,4.413,5.274,22.195,7.197,6.258,4.857,7.998,7.998,23.752,9.598,6.726,7.354,9.849,19.308,12.214,18.931,6.511,24.160,17.565,5.352,19.726,23.977,7.798,6.982,5.846,24.383,12.964,3.669,8.893,14.578,5.892
fold_tertiary_15_model_0.cif,23.975,21.972,25.574,24.790,21.603,27.666,23.658,20.631,22.659,25.224,22.232,26.544,22.983,26.386,19.811,26.779,26.079,28.796,28.019,23.759,27.427,28.573,22.100,18.950,25.851,27.027,20.984,25.510,24.827,22.405,23.595,26.013,22.528,22.259,20.610,26.138,25.490,22.908,23.335,19.078,22.829,26.147,23.298,25.530,20.995,29.896,24.452,27.495,24.493,25.004,27.614,26.647,25.975,25.431,24.487,24.189,21.735,23.450,,25.747,19.237,26.419,25.436,22.406,22.305,22.092,25.745,25.203,20.943,22.409,24.586,24.179,24.150,21.505,27.469,25.728,24.294,22.615,22.615,29.264,24.033,23.495,22.881,24.149,25.795,24.047,24.651,26.478,27.331,15.399,22.445,24.690,31.418,26.053,25.149,23.307,15.349,20.881,23.967,25.427,27.359,24.527
fold_tertiary_16_model_0.cif,18.609,27.217,8.917,26.521,21.302,21.104,13.744,19.423,19.084,10.764,18.817,21.009,20.357,24.450,27.972,16.908,11.593,17.350,20.086,18.158,21.347,22.540,19.638,24.707,23.159,12.173,24.118,19.532,18.551,19.603,19.141,20.855,18.208,24.477,31.085,7.830,18.830,19.094,19.423,26.696,19.471,18.819,19.385,21.395,29.224,17.675,18.298,21.483,18.210,19.619,11.667,15.310,12.749,20.213,18.519,18.701,19.621,18.662,25.747,,21.105,13.323,27.117,24.055,18.810,20.279,28.254,18.384,24.711,27.790,19.323,18.143,18.346,30.361,19.268,19.008,18.234,18.971,18.971,16.934,18.728,18.862,18.255,20.268,12.430,22.145,10.825,20.273,14.844,23.089,17.884,14.035,15.758,20.776,19.400,19.332,26.059,22.018,18.600,18.498,22.644,17.973
fold_tertiary_17_model_0.cif,10.894,22.390,21.393,23.584,11.263,17.222,18.718,8.254,9.972,22.824,7.314,13.354,10.786,18.543,24.925,28.182,23.365,29.053,17.359,10.714,16.250,17.199,8.726,22.275,30.181,24.487,20.719,12.679,12.572,8.094,9.594,13.927,9.780,22.500,26.134,19.956,13.588,9.673,8.687,23.336,8.495,14.486,9.604,27.626,23.616,25.572,12.732,18.030,11.861,13.036,23.758,18.124,22.304,15.095,12.886,11.724,6.726,10.109,19.237,21.105,,23.289,25.206,18.955,8.724,6.933,23.882,13.963,20.729,28.012,11.968,11.608,11.816,15.845,15.914,13.699,10.854,9.491,9.491,28.602,14.130,10.600,10.844,11.561,23.519,14.098,22.585,13.885,27.790,14.498,8.825,22.764,29.063,14.297,13.183,9.319,22.284,11.386,10.285,15.155,18.678,12.699
fold_tertiary_18_model_0.cif,17.574,23.948,9.213,20.385,21.135,17.868,12.506,20.186,20.213,13.126,20.294,20.298,20.753,20.458,25.425,12.710,6.929,13.653,16.954,17.949,18.568,19.915,20.402,22.303,20.306,6.283,22.578,18.163,17.158,20.553,19.872,19.038,18.582,20.687,29.314,11.268,17.056,20.763,20.158,23.243,20.446,16.577,19.837,21.388,25.340,16.073,16.809,17.772,17.783,18.301,7.052,13.631,12.517,18.306,17.487,18.434,20.871,18.653,26.419,13.323,23.289,,21.690,21.063,19.436,21.588,22.358,17.263,19.874,26.842,17.982,17.251,18.276,32.793,16.820,17.656,18.587,19.396,19.396,12.247,17.105,19.927,19.357,19.758,9.821,21.611,9.104,18.437,15.361,23.060,18.368,11.609,16.638,19.073,18.538,20.146,22.741,22.638,18.836,16.342,21.063,16.068
fold_tertiary_19_model_0.cif,24.057,9.902,23.195,11.543,25.187,27.197,20.835,23.793,24.945,27.127,25.033,26.895,24.859,15.433,18.872,24.949,24.492,26.880,26.069,23.997,26.552,28.227,23.731,12.900,22.155,25.058,13.644,25.040,24.256,25.218,24.538,26.327,24.159,8.958,22.617,24.136,24.545,25.341,25.383,15.544,25.108,25.005,24.598,28.218,14.477,28.893,24.543,26.184,25.133,24.873,21.644,19.412,25.432,24.835,24.295,24.481,24.713,24.535,25.436,27.117,25.206,21.690,,14.098,23.937,25.419,15.922,24.602,10.457,24.627,24.099,24.010,24.423,31.157,25.642,24.536,25.125,25.631,25.631,27.254,24.490,25.648,24.701,26.047,23.891,26.549,23.956,25.798,29.599,22.356,23.772,22.873,29.990,26.805,25.252,24.370,16.522,25.035,24.940,24.456,27.331,24.259
fold_tertiary_1_model_0.cif,18.813,12.548,21.450,14.653,19.856,22.926,18.452,18.026,19.029,23.897,18.933,21.986,19.496,10.773,17.800,24.469,23.136,26.272,21.441,18.605,22.276,23.780,17.799,13.079,25.500,23.666,9.813,19.822,18.897,19.482,18.769,21.896,18.836,11.328,21.490,21.471,19.312,18.602,19.631,14.210,18.825,20.273,18.576,24.817,16.292,27.935,19.590,21.748,19.486,19.272,21.316,16.607,23.594,19.888,18.944,18.671,18.453,18.714,22.406,24.055,18.955,21.063,14.098,,18.412,19.042,16.793,19.577,11.255,22.063,18.798,18.510,19.029,25.058,20.810,19.540,19.353,19.557,19.557,27.446,18.899,19.043,18.640,21.276,23.366,21.121,22.495,20.903,27.714,17.567,18.152,22.033,28.868,21.785,19.894,19.027,17.396,19.742,19.106,19.750,22.289,19.220
fold_tertiary_20_model_0.cif,6.072,23.394,19.222,21.727,9.168,11.805,16.981,7.101,4.970,20.937,4.806,11.254,6.880,16.613,25.952,24.965,19.423,25.029,10.377,5.262,10.944,13.538,4.891,22.256,29.037,20.624,20.801,6.628,6.699,6.093,4.571,9.698,5.565,21.278,27.490,17.779,6.951,7.156,6.262,24.406,6.098,8.356,7.046,25.411,25.145,23.689,7.323,12.228,5.478,7.530,19.148,14.630,19.806,9.751,8.379,5.904,5.634,4.357,22.305,18.810,8.724,19.436,23.937,18.412,,6.214,22.313,7.289,20.305,28.926,6.793,6.122,5.526,20.850,9.278,8.102,5.348,8.738,8.738,24.477,9.150,7.281,7.467,10.503,20.069,10.617,19.238,8.410,24.361,16.221,5.453,20.059,25.496,9.583,7.507,6.182,23.164,10.655,4.580,9.644,14.080,7.273
fold_tertiary_21_model_0.cif,8.012,23.496,20.641,23.061,11.559,14.558,18.129,8.448,7.613,21.832,5.605,11.083,8.770,17.756,26.060,26.910,21.433,27.087,13.632,8.738,12.987,14.559,5.823,23.155,30.136,22.791,21.823,8.938,9.397,6.327,5.309,11.628,9.390,22.606,27.609,18.779,10.013,7.414,6.706,24.553,6.793,11.520,6.665,26.215,25.145,24.241,10.982,14.536,8.122,9.303,21.895,16.944,20.875,12.572,10.932,8.137,5.408,7.002,22.092,20.279,6.933,21.588,25.419,19.042,6.214,,23.341,11.328,20.910,28.353,9.055,8.826,8.860,17.608,12.308,10.233,6.875,9.202,9.202,26.465,12.010,7.303,9.380,11.806,22.241,12.032,21.342,9.778,26.616,15.675,7.783,21.654,27.000,11.326,8.716,6.719,23.812,12.299,6.625,13.114,15.634,10.575
fold_tertiary_22_model_0.cif,21.478,16.342,25.464,7.575,24.402,21.368,21.053,23.622,24.370,28.414,23.133,23.020,25.178,14.165,15.987,29.795,26.060,30.551,22.760,22.578,20.575,21.363,23.119,16.364,23.395,26.060,16.196,22.991,22.631,22.354,23.569,20.493,23.356,15.063,17.128,23.627,23.030,23.671,22.986,16.814,24.385,22.148,22.177,30.007,14.884,25.465,22.941,20.311,22.594,22.390,23.320,20.146,25.028,23.710,23.247,23.897,22.805,22.221,25.745,28.254,23.882,22.358,15.922,16.793,22.313,23.341,,23.567,12.756,25.599,23.205,22.735,24.055,27.971,22.718,22.325,24.070,22.546,22.546,26.971,23.464,24.502,25.153,21.404,26.220,25.213,26.681,21.416,32.063,21.035,23.538,25.494,29.118,20.592,23.156,22.548,20.871,25.263,23.343,23.460,26.084,21.832
fold_tertiary_23_model_0.cif,6.321,25.747,18.155,22.490,12.413,9.680,17.756,11.629,8.296,20.714,8.351,11.445,9.473,17.351,28.303,22.611,17.528,22.979,6.991,4.830,10.020,12.840,9.542,24.353,28.704,18.445,22.816,5.858,5.111,9.376,7.867,9.977,8.078,22.592,30.750,18.099,4.275,8.885,8.259,26.317,7.928,5.293,9.117,24.428,27.240,23.272,6.115,10.521,4.994,7.031,16.404,13.511,18.862,8.422,6.782,5.216,9.158,5.978,25.203,18.384,13.963,17.263,24.602,19.577,7.289,11.328,23.567,,21.743,30.096,5.515,4.322,4.479,26.525,5.417,6.406,6.457,11.054,11.054,22.392,9.356,8.284,7.241,12.258,17.697,12.883,17.405,8.349,22.682,20.307,7.145,19.201,23.273,9.961,7.851,8.941,25.281,14.145,5.804,7.033,13.718,6.177
fold_tertiary_24_model_0.cif,20.220,10.885,21.393,10.303,21.773,23.846,18.359,20.133,21.366,24.746,20.943,22.779,21.900,14.386,15.029,23.749,22.759,25.740,22.975,20.549,23.060,24.228,19.847,10.225,20.713,22.864,11.548,21.558,20.643,21.097,20.928,22.523,20.547,8.151,19.530,21.616,21.272,21.247,21.319,12.378,21.255,21.597,20.333,24.911,12.532,25.943,21.182,22.863,21.314,21.058,20.626,16.801,23.025,21.853,21.118,21.116,20.584,20.581,20.943,24.711,20.729,19.874,10.457,11.255,20.305,20.910,12.756,21.743,,20.342,20.697,20.505,21.433,26.459,22.280,21.343,21.416,21.276,21.276,25.847,21.200,21.799,21.737,21.841,22.766,23.141,22.613,21.996,27.715,16.537,20.376,22.070,27.854,22.598,21.904,20.625,13.713,22.038,21.130,21.639,24.666,20.788
fold_tertiary_25_model_0.cif,29.253,20.902,27.128,24.090,30.736,32.182,26.395,28.884,29.856,25.916,28.937,30.608,30.726,27.116,16.694,23.806,26.206,26.073,31.715,29.694,31.475,31.723,28.139,19.071,17.598,26.606,21.900,30.550,30.037,28.470,29.384,31.410,29.809,22.285,17.617,28.814,30.200,28.644,29.260,16.761,28.730,30.869,28.214,16.741,20.455,27.786,31.013,31.550,29.258,30.465,27.163,28.419,26.916,31.182,30.479,29.579,28.229,28.834,22.409,27.790,28.012,26.842,24.627,22.063,28.926,28.353,25.599,30.096,20.342,,30.013,29.757,30.144,24.905,30.897,30.246,29.870,28.550,28.550,25.516,30.170,29.404,29.630,30.290,26.937,31.719,27.050,30.256,24.017,24.148,29.363,25.858,24.353,30.179,30.528,28.670,17.625,30.527,29.697,30.888,32.627,30.195
fold_tertiary_26_model_0.cif,5.289,24.717,18.664,22.150,11.714,11.615,18.035,10.313,7.710,21.365,7.555,10.167,8.228,16.742,28.067,23.437,18.523,23.762,8.473,5.008,10.829,12.770,6.966,24.343,29.131,19.372,22.766,4.077,3.602,8.561,6.105,10.431,7.308,22.313,30.378,18.131,4.045,8.366,7.029,25.723,5.942,6.144,7.678,24.980,26.553,23.346,6.367,12.016,5.447,5.923,17.808,13.450,19.565,7.460,7.215,4.425,7.704,5.340,24.586,19.323,11.968,17.982,24.099,18.798,6.793,9.055,23.205,5.515,20.697,30.013,,3.427,5.037,24.824,6.385,6.690,5.030,10.501,10.501,24.157,9.597,7.669,7.273,11.741,18.892,11.701,18.535,7.752,24.242,18.742,6.167,19.933,24.584,10.501,7.733,7.563,24.694,13.400,4.517,7.980,13.302,6.896
fold_tertiary_27_model_0.cif,4.216,24.496,17.670,21.835,11.745,10.455,16.933,10.072,7.387,20.335,6.369,9.606,8.702,16.359,27.518,23.059,17.728,23.598,7.842,3.447,9.970,12.221,7.632,23.787,28.546,18.604,22.161,4.540,3.539,7.613,5.885,9.266,7.044,21.957,29.969,17.187,3.819,7.451,6.036,25.385,5.934,5.003,6.878,24.815,26.000,22.535,5.575,11.006,4.008,5.738,17.060,13.039,18.467,8.248,6.113,3.792,7.020,4.413,24.179,18.143,11.608,17.251,24.010,18.510,6.122,8.826,22.735,4.322,20.505,29.757,3.427,,4.122,24.618,5.727,5.786,4.540,9.229,9.229,23.094,8.987,6.735,6.289,10.867,18.015,12.227,17.704,7.437,23.595,18.479,5.213,19.124,23.749,9.446,7.097,7.180,24.551,13.455,3.709,7.352,13.795,5.318
fold_tertiary_28_model_0.cif,6.625,24.900,18.261,22.913,9.901,11.878,17.301,9.022,5.183,20.545,6.928,12.581,6.210,17.754,28.087,23.555,18.068,23.278,8.096,4.357,11.569,14.698,7.042,23.759,29.564,19.355,22.349,5.167,4.559,8.888,5.627,11.141,7.003,21.979,30.427,18.142,4.242,7.712,7.881,26.118,6.642,6.906,8.792,25.210,27.012,24.209,5.918,12.017,5.096,6.468,17.550,13.576,19.503,6.951,6.931,3.059,8.069,5.274,24.150,18.346,11.816,18.276,24.423,19.029,5.526,8.860,24.055,4.479,21.433,30.144,5.037,4.122,,24.444,7.335,7.033,3.994,11.013,11.013,23.466,7.662,6.710,5.219,13.146,18.744,10.089,17.750,9.082,22.921,18.330,5.322,19.360,24.603,11.117,6.374,8.638,24.614,11.294,4.122,6.983,11.767,6.912
fold_tertiary_29_model_0.cif,22.953,25.487,30.931,28.938,21.127,25.424,26.060,19.233,21.966,29.974,20.413,23.749,21.924,26.750,25.223,36.254,32.508,37.319,27.776,24.092,24.056,24.401,19.915,25.349,33.099,34.235,25.524,24.821,25.241,19.559,21.573,23.246,23.475,27.972,24.501,28.728,25.581,21.807,21.354,25.132,21.398,26.646,20.935,29.899,26.348,31.974,25.986,25.626,23.307,25.068,34.060,29.176,30.612,26.474,26.162,23.835,19.227,22.195,21.505,30.361,15.845,32.793,31.157,25.058,20.850,17.608,27.971,26.525,26.459,24.905,24.824,24.618,24.444,,27.612,25.615,23.540,20.572,20.572,34.278,24.358,22.617,23.167,22.657,33.570,22.075,32.048,23.649,35.810,18.620,22.643,30.714,36.301,22.570,23.797,21.153,24.961,19.719,22.844,27.695,26.807,24.883
fold_tertiary_2_model_0.cif,6.515,26.988,18.943,22.200,14.155,7.657,18.847,13.820,10.536,21.411,10.240,10.283,11.905,17.471,29.295,22.308,17.636,22.602,4.432,6.713,7.410,10.056,11.145,26.141,28.660,17.913,24.573,5.241,5.026,10.634,9.307,7.906,9.967,23.718,31.388,17.883,4.685,10.695,9.259,27.579,10.327,3.283,9.916,24.011,28.366,21.409,6.773,8.286,5.620,6.322,16.486,14.022,18.837,8.753,8.022,7.456,11.078,7.197,27.469,19.268,15.914,16.820,25.642,20.810,9.278,12.308,22.718,5.417,22.280,30.897,6.385,5.727,7.335,27.612,,5.953,7.423,12.088,12.088,21.646,10.637,10.082,10.641,11.973,18.144,13.799,18.529,6.165,23.034,21.368,9.550,20.112,22.138,7.897,8.058,10.230,26.991,16.523,7.119,7.457,13.818,6.233
fold_tertiary_30_model_0.cif,6.115,25.279,18.592,21.729,13.251,9.713,18.047,12.100,9.542,21.157,8.362,10.076,11.092,16.616,28.061,23.080,18.226,23.731,7.811,5.792,9.081,11.249,9.682,24.788,28.637,18.790,22.907,5.566,5.686,9.221,7.478,8.900,9.140,22.731,30.368,17.719,5.944,7.532,8.121,26.463,8.992,5.720,8.040,24.826,26.876,22.160,7.199,8.689,5.984,5.054,17.441,13.924,19.068,9.711,4.850,7.121,9.113,6.258,25.728,19.008,13.699,17.656,24.536,19.540,8.102,10.233,22.325,6.406,21.343,30.246,6.690,5.786,7.033,25.615,5.953,,6.466,10.423,10.423,22.748,10.383,6.696,9.126,11.309,18.686,13.643,18.642,6.529,23.707,19.732,7.718,19.829,23.277,8.912,5.490,8.282,25.640,15.220,6.723,7.532,13.252,6.365
fold_tertiary_31_model_0.cif,5.890,25.068,18.349,23.223,10.692,12.074,17.325,9.201,5.633,20.437,5.783,10.695,7.168,17.752,27.901,23.556,18.356,23.539,8.880,4.831,11.135,13.627,6.448,24.222,29.653,19.350,22.721,4.503,4.609,7.693,3.915,10.361,7.085,22.510,30.163,17.501,5.090,6.916,6.539,26.056,6.162,6.975,7.306,24.846,26.858,23.263,6.598,12.145,4.821,5.800,18.161,14.091,19.216,8.413,7.121,4.222,7.124,4.857,24.294,18.234,10.854,18.587,25.125,19.353,5.348,6.875,24.070,6.457,21.416,29.870,5.030,4.540,3.994,23.540,7.423,6.466,,9.948,9.948,23.708,9.028,5.629,6.594,12.024,19.080,10.702,18.322,7.721,23.441,18.080,5.207,19.658,24.512,10.368,5.618,7.183,24.740,12.409,3.130,8.067,12.564,6.960
fold_tertiary_32_model_0 copy.cif,7.221,24.383,18.625,22.330,14.470,12.199,16.647,10.275,11.864,20.151,7.021,9.036,13.528,17.156,25.629,25.498,19.724,26.830,14.140,8.838,11.783,11.891,10.706,23.381,28.075,20.781,21.521,11.049,10.762,6.196,9.051,10.031,9.057,23.558,27.033,17.229,11.253,9.707,7.251,24.287,8.718,10.750,6.798,25.977,24.471,23.414,10.571,13.660,8.696,11.793,20.621,15.654,19.876,15.183,10.058,10.672,6.734,7.998,22.615,18.971,9.491,19.396,25.631,19.557,8.738,9.202,22.546,11.054,21.276,28.550,10.501,9.229,11.013,20.572,12.088,10.423,9.948,,0.000,25.012,12.847,9.844,10.369,6.761,20.668,16.891,20.044,10.025,26.466,18.033,7.726,20.286,25.785,9.973,11.628,7.261,24.397,15.612,9.298,12.904,19.681,7.862
fold_tertiary_32_model_0.cif,7.221,24.383,18.625,22.330,14.470,12.199,16.647,10.275,11.864,20.151,7.021,9.036,13.528,17.156,25.629,25.498,19.724,26.830,14.140,8.838,11.783,11.891,10.706,23.381,28.075,20.781,21.521,11.049,10.762,6.196,9.051,10.031,9.057,23.558,27.033,17.229,11.253,9.707,7.251,24.287,8.718,10.750,6.798,25.977,24.471,23.414,10.571,13.660,8.696,11.793,20.621,15.654,19.876,15.183,10.058,10.672,6.734,7.998,22.615,18.971,9.491,19.396,25.631,19.557,8.738,9.202,22.546,11.054,21.276,28.550,10.501,9.229,11.013,20.572,12.088,10.423,9.948,0.000,,25.012,12.847,9.844,10.369,6.761,20.668,16.891,20.044,10.025,26.466,18.033,7.726,20.286,25.785,9.973,11.628,7.261,24.397,15.612,9.298,12.904,19.681,7.862
fold_tertiary_33_model_0.cif,23.113,28.941,16.024,24.704,25.999,20.489,18.337,26.144,25.136,14.877,25.410,25.373,25.838,26.654,27.555,11.641,10.749,12.173,20.914,23.527,21.302,23.015,26.173,27.303,18.231,10.369,28.633,23.460,22.843,25.467,25.221,22.504,24.887,26.424,30.510,17.034,22.552,25.673,25.301,27.052,26.252,21.648,25.302,17.399,29.174,15.453,22.563,20.412,22.480,23.526,13.334,21.627,13.411,23.397,23.457,23.918,26.257,23.752,29.264,16.934,28.602,12.247,27.254,27.446,24.477,26.465,26.971,22.392,25.847,25.516,24.157,23.094,23.466,34.278,21.646,22.748,23.708,25.012,25.012,,22.369,24.875,24.562,25.072,12.750,25.600,13.593,22.560,12.550,28.555,24.418,13.957,13.474,22.348,22.931,25.618,26.127,27.344,24.116,21.755,24.597,21.717
fold_tertiary_34_model_0.cif,10.651,24.909,17.963,22.198,8.016,13.372,17.094,7.961,8.057,19.899,11.511,16.675,8.146,19.225,27.946,22.955,16.998,21.628,9.346,8.995,13.624,16.692,9.733,23.377,29.185,18.187,22.142,9.119,7.962,13.282,10.214,13.586,8.624,21.470,29.575,17.838,7.928,12.257,12.870,26.399,11.840,9.887,13.165,25.596,27.869,25.032,7.222,12.449,9.596,9.552,18.050,13.277,21.080,7.351,9.222,8.466,12.370,9.598,24.033,18.728,14.130,17.105,24.490,18.899,9.150,12.010,23.464,9.356,21.200,30.170,9.597,8.987,7.662,24.358,10.637,10.383,9.028,12.847,12.847,22.369,,10.823,8.995,15.157,20.071,8.776,17.732,12.101,21.351,15.998,8.522,19.603,25.527,13.456,9.179,13.387,24.408,9.210,9.484,6.647,10.059,8.114
fold_tertiary_35_model_0.cif,7.746,24.930,19.021,23.850,12.260,13.537,17.951,10.184,7.506,20.978,6.273,11.484,9.132,18.016,27.367,24.612,19.677,25.103,11.622,6.992,12.906,14.779,7.866,23.947,30.324,20.728,22.116,7.756,7.807,8.180,5.600,12.233,9.196,23.001,30.015,18.687,7.899,3.880,7.316,25.634,6.408,9.646,7.172,25.820,26.367,24.429,9.404,12.932,7.050,6.830,19.514,15.515,19.852,10.973,6.828,6.151,6.913,6.726,23.495,18.862,10.600,19.927,25.648,19.043,7.281,7.303,24.502,8.284,21.799,29.404,7.669,6.735,6.710,22.617,10.082,6.696,5.629,9.844,9.844,24.875,10.823,,6.447,12.820,20.050,12.464,19.094,9.873,24.682,18.308,6.863,20.295,25.495,11.997,6.168,7.581,24.678,13.344,5.938,10.426,13.490,9.076
fold_tertiary_36_model_0.cif,8.465,24.553,18.017,23.691,11.091,14.018,17.101,8.990,7.129,20.342,7.293,13.537,7.563,18.543,27.602,24.254,18.832,24.361,11.651,6.712,13.764,16.099,7.978,23.308,29.664,20.307,21.833,8.366,7.709,9.161,6.884,13.296,8.525,22.424,30.258,18.631,7.648,7.642,8.580,25.559,6.353,9.970,9.056,25.915,26.341,25.551,8.738,14.300,7.538,9.301,18.740,14.143,20.038,9.475,8.299,5.439,7.661,7.354,22.881,18.255,10.844,19.357,24.701,18.640,7.467,9.380,25.153,7.241,21.737,29.630,7.273,6.289,5.219,23.167,10.641,9.126,6.594,10.369,10.369,24.562,8.995,6.447,,13.852,19.387,11.743,17.869,11.413,23.759,18.162,5.477,19.414,25.477,13.236,8.895,9.189,24.357,11.415,6.648,9.412,13.496,8.835
fold_tertiary_37_model_0.cif,8.378,25.472,20.204,21.581,15.719,10.890,18.895,13.201,13.859,22.051,9.388,7.877,15.696,16.918,26.276,25.742,20.934,27.221,14.103,10.227,10.821,9.661,13.073,24.777,28.142,21.116,22.790,11.610,11.699,8.064,11.717,7.904,9.909,24.427,26.870,17.774,12.611,12.175,8.581,25.379,11.310,10.617,9.070,26.552,25.020,22.137,10.696,13.230,10.554,12.287,21.027,16.780,20.513,15.744,11.230,13.167,9.556,9.849,24.149,20.268,11.561,19.758,26.047,21.276,10.503,11.806,21.404,12.258,21.841,30.290,11.741,10.867,13.146,22.657,11.973,11.309,12.024,6.761,6.761,25.072,15.157,12.820,13.852,,21.292,18.269,21.676,9.735,27.034,19.588,10.422,21.921,25.576,9.050,13.306,8.883,25.663,17.597,11.182,13.600,20.819,9.186
fold_tertiary_38_model_0.cif,18.604,25.561,10.144,24.233,23.013,19.616,12.997,22.087,20.923,12.884,20.337,20.805,21.655,22.608,25.763,12.846,8.909,15.610,18.856,18.569,19.990,21.642,21.278,23.509,20.436,8.959,24.008,19.384,18.595,20.638,20.279,20.324,19.964,23.259,29.414,13.683,18.504,20.305,20.190,23.978,20.382,17.964,20.238,20.697,25.803,15.051,18.672,19.954,18.500,19.553,8.069,16.711,7.591,20.087,18.687,19.041,20.924,19.308,25.795,12.430,23.519,9.821,23.891,23.366,20.069,22.241,26.220,17.697,22.766,26.937,18.892,18.015,18.744,33.570,18.144,18.686,19.080,20.668,20.668,12.750,20.071,20.050,19.387,21.292,,23.432,6.153,19.731,15.492,25.484,19.083,9.114,14.591,20.476,19.689,20.092,22.606,24.236,19.329,18.328,23.175,18.105
fold_tertiary_39_model_0.cif,13.911,25.985,22.289,24.460,6.359,16.520,20.487,9.691,7.648,23.650,13.211,19.270,6.394,21.753,28.708,26.316,21.368,24.053,12.113,12.352,16.082,19.162,9.793,24.884,32.013,22.488,24.138,10.756,10.871,14.987,11.525,15.963,11.439,23.026,29.547,21.496,10.836,13.602,14.954,27.752,13.253,13.475,15.724,27.724,29.083,27.063,11.264,15.634,12.453,11.031,21.646,17.935,23.858,7.858,13.431,10.421,13.972,12.214,24.047,22.145,14.098,21.611,26.549,21.121,10.617,12.032,25.213,12.883,23.141,31.719,11.701,12.227,10.089,22.075,13.799,13.643,10.702,16.891,16.891,25.600,8.776,12.464,11.743,18.269,23.432,,21.381,14.230,23.988,16.012,12.189,23.032,28.390,15.890,10.391,15.392,25.130,7.300,11.039,11.588,7.760,13.430
fold_tertiary_3_model_0.cif,18.669,25.160,7.517,24.494,20.958,20.448,11.174,19.845,19.479,10.573,19.817,21.992,19.865,23.378,25.707,13.107,6.783,14.177,18.810,18.198,20.980,22.949,20.006,22.503,21.766,8.087,23.174,19.054,18.116,20.596,19.443,21.343,18.756,22.559,29.353,12.924,17.928,19.797,20.395,23.985,19.772,18.295,20.228,21.774,26.369,18.308,17.928,20.429,18.277,19.253,8.184,15.312,9.973,18.861,18.012,18.118,20.505,18.931,24.651,10.825,22.585,9.104,23.956,22.495,19.238,21.342,26.681,17.405,22.613,27.050,18.535,17.704,17.750,32.048,18.529,18.642,18.322,20.044,20.044,13.593,17.732,19.094,17.869,21.676,6.153,21.381,,20.204,14.103,23.474,17.983,7.729,16.909,21.225,18.814,20.137,22.056,21.723,18.787,17.322,21.153,17.598
fold_tertiary_40_model_0.cif,5.761,26.066,20.083,21.353,14.520,7.346,18.557,13.298,11.071,21.809,8.911,8.085,12.460,16.818,27.609,24.102,19.081,24.399,7.768,7.771,5.310,7.231,10.286,25.572,28.100,19.674,24.075,6.017,7.060,8.085,8.184,5.577,10.514,23.893,28.971,17.954,7.332,10.206,7.735,26.688,9.801,6.320,7.780,24.464,26.870,21.251,8.873,7.758,5.846,7.472,18.724,15.591,19.302,10.977,9.479,8.813,9.319,6.511,26.478,20.273,13.885,18.437,25.798,20.903,8.410,9.778,21.416,8.349,21.996,30.256,7.752,7.437,9.082,23.649,6.165,6.529,7.721,10.025,10.025,22.560,12.101,9.873,11.413,9.735,19.731,14.230,20.204,,25.028,20.159,9.614,20.719,22.989,5.089,7.799,7.916,26.603,16.560,7.400,10.315,15.190,7.356
fold_tertiary_41_model_0.cif,24.590,30.527,15.742,29.233,23.728,24.625,20.849,24.573,23.510,14.820,25.477,28.031,24.174,29.789,29.574,11.582,12.435,10.821,22.380,23.438,25.435,27.579,25.060,27.890,22.464,11.727,29.084,23.626,22.784,26.621,25.263,25.726,23.464,27.390,31.558,17.737,22.948,25.335,26.076,28.588,25.723,22.920,26.474,16.358,32.359,19.617,22.122,24.157,23.630,23.719,14.970,20.675,17.453,22.296,23.161,23.744,26.546,24.160,27.331,14.844,27.790,15.361,29.599,27.714,24.361,26.616,32.063,22.682,27.715,24.017,24.242,23.595,22.921,35.810,23.034,23.707,23.441,26.466,26.466,12.550,21.351,24.682,23.759,27.034,15.492,23.988,14.103,25.028,,26.993,23.671,16.754,15.817,25.616,23.691,26.498,26.071,24.802,24.226,20.938,22.971,22.899
fold_tertiary_42_model_0.cif,18.500,19.158,22.072,20.581,13.850,22.631,18.876,12.936,15.913,23.639,17.142,22.191,16.316,21.312,21.205,28.164,23.785,28.071,21.266,17.894,21.742,23.178,14.945,18.051,27.005,24.604,18.429,18.864,18.120,17.971,17.560,20.407,16.147,18.416,22.393,21.160,19.171,17.821,18.739,20.264,18.216,20.197,18.431,27.536,22.183,26.868,18.050,21.463,18.795,18.301,24.253,18.690,24.343,18.282,18.878,18.343,17.006,17.565,15.399,23.089,14.498,23.060,22.356,17.567,16.221,15.675,21.035,20.307,16.537,24.148,18.742,18.479,18.330,18.620,21.368,19.732,18.080,18.033,18.033,28.555,15.998,18.308,18.162,19.588,25.484,16.012,23.474,20.159,26.993,,16.701,23.724,29.717,20.274,18.658,18.623,18.483,13.288,17.845,18.815,19.653,18.478
fold_tertiary_43_model_0.cif,6.107,23.498,17.373,22.329,9.872,12.959,16.284,7.078,6.740,19.850,5.196,11.275,7.926,17.009,26.852,23.837,18.271,24.290,11.078,4.409,12.480,14.535,6.853,22.816,28.771,19.462,21.067,6.910,6.146,7.262,5.648,11.038,5.122,21.594,28.984,17.079,7.138,7.294,6.567,24.808,5.779,8.205,7.327,25.509,25.406,23.966,6.069,13.401,6.613,8.030,18.463,13.042,19.527,9.582,6.255,6.127,6.155,5.352,22.445,17.884,8.825,18.368,23.772,18.152,5.453,7.783,23.538,7.145,20.376,29.363,6.167,5.213,5.322,22.643,9.550,7.718,5.207,7.726,7.726,24.418,8.522,6.863,5.477,10.422,19.083,12.189,17.983,9.614,23.671,16.701,,19.110,25.277,11.342,8.255,7.027,23.446,11.096,5.502,7.868,14.436,6.261
fold_tertiary_44_model_0.cif,19.330,23.206,9.220,23.448,22.381,21.323,10.862,20.786,20.941,9.458,20.487,22.285,21.404,22.775,24.333,14.491,8.134,16.202,20.681,19.410,21.476,23.152,20.798,22.347,19.036,10.721,22.881,20.324,19.650,20.895,20.370,21.776,20.199,22.640,27.272,14.369,19.497,20.751,20.943,22.442,20.591,19.777,20.512,21.395,24.583,18.226,19.745,21.343,19.353,20.732,11.754,16.576,9.399,20.914,19.604,19.557,20.978,19.726,24.690,14.035,22.764,11.609,22.873,22.033,20.059,21.654,25.494,19.201,22.070,25.858,19.933,19.124,19.360,30.714,20.112,19.829,19.658,20.286,20.286,13.957,19.603,20.295,19.414,21.921,9.114,23.032,7.729,20.719,16.754,23.724,19.110,,17.250,21.465,20.003,20.490,20.972,23.055,19.944,19.486,23.261,18.804
fold_tertiary_45_model_0.cif,23.585,30.725,16.849,27.725,28.779,22.370,20.598,28.161,26.442,16.438,25.693,24.915,27.701,28.125,30.056,16.038,15.271,17.759,22.730,23.930,22.289,23.193,26.442,29.828,18.636,14.701,30.002,24.039,23.588,25.472,25.896,23.185,25.870,29.224,32.129,16.718,23.761,25.287,25.063,29.087,26.102,22.464,25.009,14.949,32.101,13.444,24.260,22.445,23.068,24.292,14.773,21.137,13.471,25.001,24.612,24.803,26.176,23.977,31.418,15.758,29.063,16.638,29.990,28.868,25.496,27.000,29.118,23.273,27.854,24.353,24.584,23.749,24.603,36.301,22.138,23.277,24.512,25.785,25.785,13.474,25.527,25.495,25.477,25.576,14.591,28.390,16.909,22.989,15.817,29.717,25.277,17.250,,22.660,24.725,25.365,29.272,30.166,24.649,23.761,27.384,23.446
fold_tertiary_46_model_0.cif,7.213,26.617,20.943,21.355,15.558,5.808,18.836,14.399,12.644,22.369,9.755,9.105,14.443,17.456,27.006,25.342,19.963,25.824,9.232,9.141,4.145,6.217,12.320,25.714,27.777,20.428,24.280,8.992,9.525,8.643,10.802,3.868,11.783,24.620,27.671,18.468,9.594,11.666,8.825,26.642,11.628,7.538,9.321,24.747,26.695,20.652,10.274,7.743,7.137,10.059,19.458,16.885,19.364,13.153,11.421,11.064,10.218,7.798,26.053,20.776,14.297,19.073,26.805,21.785,9.583,11.326,20.592,9.961,22.598,30.179,10.501,9.446,11.117,22.570,7.897,8.912,10.368,9.973,9.973,22.348,13.456,11.997,13.236,9.050,20.476,15.890,21.225,5.089,25.616,20.274,11.342,21.465,22.660,,10.360,9.663,27.166,17.609,9.343,12.063,17.488,8.233
fold_tertiary_47_model_0.cif,7.759,25.321,19.318,22.563,11.280,11.216,17.941,10.655,7.665,21.026,8.372,12.529,8.853,17.911,27.810,23.733,18.506,23.280,8.037,7.464,10.537,13.500,8.748,24.406,29.575,19.610,22.984,5.946,6.525,9.875,6.645,10.593,9.532,22.612,29.908,18.301,6.262,7.967,9.543,26.585,9.438,7.901,9.445,25.484,27.188,23.605,8.019,9.895,6.681,5.439,18.480,15.429,19.879,8.657,7.049,6.450,9.634,6.982,25.149,19.400,13.183,18.538,25.252,19.894,7.507,8.716,23.156,7.851,21.904,30.528,7.733,7.097,6.374,23.797,8.058,5.490,5.618,11.628,11.628,22.931,9.179,6.168,8.895,13.306,19.689,10.391,18.814,7.799,23.691,18.658,8.255,20.003,24.725,10.360,,9.489,25.198,12.946,6.296,8.416,10.478,8.125
fold_tertiary_48_model_0.cif,5.495,23.759,19.556,22.091,14.195,12.409,17.644,10.854,9.606,21.451,5.103,7.157,11.242,15.872,26.042,25.347,20.379,26.592,12.814,7.040,11.059,11.802,7.524,23.203,28.721,21.448,21.492,8.291,8.675,4.219,5.362,9.727,8.498,22.608,27.880,17.906,9.161,6.879,4.278,24.258,5.572,9.542,3.477,25.460,24.427,23.107,10.133,13.267,6.728,9.015,19.929,15.550,19.425,13.285,9.163,8.059,4.516,5.846,23.307,19.332,9.319,20.146,24.370,19.027,6.182,6.719,22.548,8.941,20.625,28.670,7.563,7.180,8.638,21.153,10.230,8.282,7.183,7.261,7.261,25.618,13.387,7.581,9.189,8.883,20.092,15.392,20.137,7.916,26.498,18.623,7.027,20.490,25.365,9.663,9.489,,24.002,15.388,6.407,12.440,17.829,8.770
fold_tertiary_4_model_0.cif,24.459,14.736,23.319,19.023,23.283,28.225,19.883,22.230,23.899,24.259,23.990,27.218,24.059,21.577,13.405,22.218,23.342,24.655,27.461,24.417,27.839,29.379,22.864,10.974,20.065,23.933,15.093,25.712,25.043,24.128,24.151,27.173,23.530,13.995,15.965,25.413,25.296,24.237,24.903,11.668,24.121,26.207,24.317,22.915,13.090,28.486,25.064,27.512,25.116,25.277,23.727,23.943,24.039,25.578,24.757,24.554,23.650,24.383,15.349,26.059,22.284,22.741,16.522,17.396,23.164,23.812,20.871,25.281,13.713,17.625,24.694,24.551,24.614,24.961,26.991,25.640,24.740,24.397,24.397,26.127,24.408,24.678,24.357,25.663,22.606,25.130,22.056,26.603,26.071,18.483,23.446,20.972,29.272,27.166,25.198,24.002,,23.045,24.764,25.364,27.255,24.868
fold_tertiary_5_model_0 copy.cif,14.709,23.679,21.946,24.129,4.017,18.549,19.694,6.532,8.590,23.428,12.784,20.264,7.443,21.383,27.130,27.610,22.352,26.051,15.489,12.630,18.388,21.243,10.066,22.693,31.670,23.698,21.657,13.270,12.809,14.719,12.455,17.365,10.386,21.779,27.863,21.549,13.252,13.765,15.087,25.878,13.290,15.453,15.916,29.098,27.124,28.532,11.997,18.009,14.103,13.481,22.937,17.650,24.690,10.882,13.653,12.251,13.308,12.964,20.881,22.018,11.386,22.638,25.035,19.742,10.655,12.299,25.263,14.145,22.038,30.527,13.400,13.455,11.294,19.719,16.523,15.220,12.409,15.612,15.612,27.344,9.210,13.344,11.415,17.597,24.236,7.300,21.723,16.560,24.802,13.288,11.096,23.055,30.166,17.609,12.946,15.388,23.045,,12.589,12.386,12.050,13.813
fold_tertiary_5_model_0.cif,4.928,24.758,18.707,22.789,10.912,11.423,17.383,9.189,5.510,20.794,4.726,9.866,7.386,17.188,27.565,24.290,18.859,24.517,8.886,4.264,10.521,12.825,6.072,24.029,29.508,19.930,22.485,4.541,4.491,6.552,4.156,9.555,6.836,22.478,29.662,17.700,4.624,6.618,5.467,25.641,5.017,6.620,6.498,25.151,26.403,23.092,6.657,12.041,3.678,6.037,18.423,14.278,19.153,8.826,7.496,3.466,5.767,3.669,23.967,18.600,10.285,18.836,24.940,19.106,4.580,6.625,23.343,5.804,21.130,29.697,4.517,3.709,4.122,22.844,7.119,6.723,3.130,9.298,9.298,24.116,9.484,5.938,6.648,11.182,19.329,11.039,18.787,7.400,24.226,17.845,5.502,19.944,24.649,9.343,6.296,6.407,24.764,12.589,,8.881,13.590,6.739
fold_tertiary_7_model_0.cif,9.189,25.800,17.765,22.141,10.332,11.414,18.080,10.974,9.318,20.540,11.033,14.477,10.161,18.426,28.983,21.611,16.783,21.347,6.941,6.937,11.787,14.828,11.109,24.763,28.751,17.217,23.033,7.094,5.831,12.820,10.255,11.399,8.286,22.204,31.126,17.638,6.636,11.427,11.680,27.284,11.675,6.444,12.467,24.818,28.265,23.312,4.610,10.595,8.830,7.397,16.560,12.752,20.006,6.499,6.173,8.503,12.299,8.893,25.427,18.498,15.155,16.342,24.456,19.750,9.644,13.114,23.460,7.033,21.639,30.888,7.980,7.352,6.983,27.695,7.457,7.532,8.067,12.904,12.904,21.755,6.647,10.426,9.412,13.600,18.328,11.588,17.322,10.315,20.938,18.815,7.868,19.486,23.761,12.063,8.416,12.440,25.364,12.386,8.881,,10.996,6.361
fold_tertiary_8_model_0.cif,15.847,27.959,22.464,25.082,11.285,16.974,21.846,14.120,11.560,24.083,16.335,21.127,10.847,22.824,30.651,24.833,20.816,22.138,11.481,14.136,16.841,20.155,13.476,26.633,32.316,21.630,25.715,11.907,11.955,18.220,14.016,17.617,14.476,24.090,31.653,22.408,11.816,15.022,17.698,29.901,16.108,14.161,17.910,27.275,31.329,27.701,12.606,14.604,14.425,11.229,20.861,18.117,24.415,7.703,13.136,12.276,17.302,14.578,27.359,22.644,18.678,21.063,27.331,22.289,14.080,15.634,26.084,13.718,24.666,32.627,13.302,13.795,11.767,26.807,13.818,13.252,12.564,19.681,19.681,24.597,10.059,13.490,13.496,20.819,23.175,7.760,21.153,15.190,22.971,19.653,14.436,23.261,27.384,17.488,10.478,17.829,27.255,12.050,13.590,10.996,,14.836
fold_tertiary_9_model_0.cif,5.057,24.878,17.311,21.084,11.730,8.556,16.499,9.929,9.322,19.633,7.981,10.116,10.831,16.545,27.372,22.442,16.735,22.995,7.647,4.966,8.685,10.996,9.787,24.011,27.665,17.431,22.256,6.511,5.525,8.710,8.123,7.799,6.958,22.227,29.214,16.187,5.854,9.834,7.924,25.744,9.218,4.697,8.494,24.722,26.202,21.907,4.938,9.403,5.584,7.495,16.904,12.753,18.693,9.796,6.261,7.507,8.875,5.892,24.527,17.973,12.699,16.068,24.259,19.220,7.273,10.575,21.832,6.177,20.788,30.195,6.896,5.318,6.912,24.883,6.233,6.365,6.960,7.862,7.862,21.717,8.114,9.076,8.835,9.186,18.105,13.430,17.598,7.356,22.899,18.478,6.261,18.804,23.446,8.233,8.125,8.770,24.868,13.813,6.739,6.361,14.836,
